,Player,Tm,Pos,Age,G,GS,Cmp,Att,Yds,Int,Att,Yds,Tgt,Rec,Yds,Y/R,Fumbles,FumblesLost,PassingYds,PassingTD,PassingAtt,RushingYds,RushingTD,RushingAtt,ReceivingYds,ReceivingTD,FantasyPoints
0,Christian McCaffrey,CAR,RB,23,16,16,0,2,0,0,287,1387,142,116,1005,8.66,1,0,0,0,2,1387,15,287,1005,4,469.2
1,Lamar Jackson,BAL,QB,22,15,15,265,401,3127,6,176,1206,0,0,0,0,9,2,3127,36,401,1206,7,176,0,0,415.68
2,Derrick Henry,TEN,RB,25,15,15,0,0,0,0,303,1540,24,18,206,11.44,5,3,0,0,0,1540,16,303,206,2,294.6
3,Aaron Jones,GNB,RB,25,16,16,0,0,0,0,236,1084,68,49,474,9.67,3,2,0,0,0,1084,16,236,474,3,314.8
4,Ezekiel Elliott,DAL,RB,24,16,16,0,0,0,0,301,1357,71,54,420,7.78,3,2,0,0,0,1357,12,301,420,2,311.7
5,Dalvin Cook,MIN,RB,24,14,14,0,0,0,0,250,1135,63,53,519,9.79,4,2,0,0,0,1135,13,250,519,0,292.4
6,Michael Thomas,NOR,WR,26,16,15,0,0,0,0,1,-9,185,149,1725,11.58,1,0,0,0,0,-9,0,1,1725,9,374.6
7,Travis Kelce,KAN,TE,30,16,16,0,0,0,0,1,4,136,97,1229,12.67,1,1,0,0,0,4,1,1,1229,5,254.3
8,Nick Chubb,CLE,RB,24,16,16,0,0,0,0,298,1494,49,36,278,7.72,3,3,0,0,0,1494,8,298,278,0,255.2
9,Austin Ekeler,LAC,RB,24,16,8,0,0,0,0,132,557,108,92,993,10.79,3,2,0,0,0,557,3,132,993,8,309
10,Mark Ingram,BAL,RB,30,15,15,0,0,0,0,202,1018,29,26,247,9.5,2,2,0,0,0,1018,10,202,247,5,238.5
11,Dak Prescott,DAL,QB,26,16,16,388,596,4902,11,52,277,0,0,0,0,6,2,4902,30,596,277,3,52,0,0,335.78
12,Mark Andrews,BAL,TE,23,15,4,0,0,0,0,0,0,98,64,852,13.31,2,1,0,0,0,0,0,0,852,10,207.2
13,Russell Wilson,SEA,QB,31,16,16,341,516,4110,5,75,342,0,0,0,0,8,2,4110,31,516,342,3,75,0,0,326.6
14,Chris Godwin,TAM,WR,23,14,14,0,0,0,0,1,8,121,86,1333,15.5,0,0,0,0,0,8,0,1,1333,9,274.1
15,George Kittle,SFO,TE,26,14,14,0,0,0,0,5,22,107,85,1053,12.39,1,0,0,0,0,22,0,5,1053,5,222.5
16,Deshaun Watson,HOU,QB,24,15,15,333,495,3852,12,82,413,1,1,6,6,10,3,3852,26,495,413,7,82,6,1,318.98
17,Chris Carson,SEA,RB,25,15,15,0,0,0,0,278,1230,47,37,266,7.19,7,4,0,0,0,1230,7,278,266,2,232.6
18,Darren Waller,OAK,TE,27,16,16,0,0,0,0,2,5,117,90,1145,12.72,1,1,0,0,0,5,0,2,1145,3,221
19,Kenny Golladay,DET,WR,26,16,16,0,0,0,0,0,0,116,65,1190,18.31,1,1,0,0,0,0,0,0,1190,11,248
20,Saquon Barkley,NYG,RB,22,13,13,0,0,0,0,217,1003,73,52,438,8.42,1,0,0,0,0,1003,6,217,438,2,244.1
21,Zach Ertz,PHI,TE,29,15,15,0,0,0,0,0,0,135,88,916,10.41,1,1,0,0,0,0,0,0,916,6,213.6
22,Joe Mixon,CIN,RB,23,16,15,0,0,0,0,278,1137,45,35,287,8.2,0,0,0,0,0,1137,5,278,287,3,225.4
23,Todd Gurley,LAR,RB,25,15,15,0,0,0,0,223,857,49,31,207,6.68,3,2,0,0,0,857,12,223,207,2,217.4
24,Jared Cook,NOR,TE,32,14,7,0,0,0,0,0,0,65,43,705,16.4,0,0,0,0,0,0,0,0,705,9,167.5
25,Cooper Kupp,LAR,WR,26,16,14,0,1,0,0,2,4,134,94,1161,12.35,3,0,0,0,1,4,0,2,1161,10,270.5
26,Julio Jones,ATL,WR,30,15,15,0,0,0,0,2,-3,157,99,1394,14.08,1,0,0,0,0,-3,0,2,1394,6,274.1
27,DeVante Parker,MIA,WR,26,16,14,0,0,0,0,0,0,128,72,1202,16.69,0,0,0,0,0,0,0,0,1202,9,246.2
28,Leonard Fournette,JAX,RB,24,15,15,0,0,0,0,265,1152,100,76,522,6.87,1,1,0,0,0,1152,3,265,522,0,259.4
29,Jameis Winston,TAM,QB,25,16,16,380,626,5109,30,59,250,0,0,0,0,12,5,5109,33,626,250,1,59,0,0,297.36
30,Austin Hooper,ATL,TE,25,13,10,0,0,0,0,0,0,97,75,787,10.49,0,0,0,0,0,0,0,0,787,6,189.7
31,Amari Cooper,DAL,WR,25,16,16,0,0,0,0,1,6,119,79,1189,15.05,0,0,0,0,0,6,0,1,1189,8,246.5
32,Mike Evans,TAM,WR,26,13,13,0,0,0,0,0,0,118,67,1157,17.27,0,0,0,0,0,0,0,0,1157,8,230.7
33,A.J. Brown,TEN,WR,22,16,11,0,0,0,0,3,60,84,52,1051,20.21,1,0,0,0,0,60,1,3,1051,8,217.1
34,DeAndre Hopkins,HOU,WR,27,15,15,1,2,6,1,2,18,150,104,1165,11.2,0,0,6,1,2,18,0,2,1165,7,266.54
35,Josh Jacobs,OAK,RB,21,13,13,0,0,0,0,242,1150,27,20,166,8.3,1,1,0,0,0,1150,7,242,166,0,191.6
36,Keenan Allen,LAC,WR,27,16,16,0,0,0,0,3,16,149,104,1199,11.53,0,0,0,0,0,16,0,3,1199,6,261.5
37,Miles Sanders,PHI,RB,22,16,11,0,0,0,0,179,818,63,50,509,10.18,2,1,0,0,0,818,3,179,509,3,216.7
38,Allen Robinson,CHI,WR,26,16,15,0,0,0,0,1,2,154,98,1147,11.7,0,0,0,0,0,2,0,1,1147,7,254.9
39,Julian Edelman,NWE,WR,33,16,13,2,2,47,0,8,27,153,100,1117,11.17,3,1,47,1,2,27,0,8,1117,6,254.28
40,Alvin Kamara,NOR,RB,24,14,9,1,1,13,0,171,797,97,81,533,6.58,4,1,13,0,1,797,5,171,533,1,248.52
41,Marlon Mack,IND,RB,23,14,12,0,0,0,0,247,1091,17,14,82,5.86,0,0,0,0,0,1091,8,247,82,0,179.3
42,Jarvis Landry,CLE,WR,27,16,16,0,0,0,0,1,10,138,83,1174,14.14,0,0,0,0,0,10,0,1,1174,6,237.4
43,Josh Allen,BUF,QB,23,16,16,271,461,3089,9,109,510,0,0,0,0,14,4,3089,20,461,510,9,109,0,0,282.56
44,Tyler Lockett,SEA,WR,27,16,16,0,0,0,0,4,-5,110,82,1057,12.89,1,0,0,0,0,-5,0,4,1057,8,235.2
45,DJ Chark,JAX,WR,23,15,14,0,0,0,0,2,20,118,73,1008,13.81,0,0,0,0,0,20,0,2,1008,8,223.8
46,Kenyan Drake,2TM,RB,25,14,10,0,0,0,0,170,817,68,50,345,6.9,2,1,0,0,0,817,8,170,345,0,212.2
47,Patrick Mahomes,KAN,QB,24,14,14,319,484,4031,5,43,218,0,0,0,0,3,2,4031,26,484,218,2,43,0,0,285.04
48,Phillip Lindsay,DEN,RB,25,16,16,0,0,0,0,224,1011,48,35,196,5.6,0,0,0,0,0,1011,7,224,196,0,197.7
49,Kyler Murray,ARI,QB,22,16,16,349,542,3722,12,93,544,0,0,0,0,5,2,3722,20,542,544,4,93,0,0,279.28
50,Courtland Sutton,DEN,WR,24,16,14,1,1,38,0,3,17,124,72,1112,15.44,2,0,38,0,1,17,0,3,1112,6,222.42
51,Stefon Diggs,MIN,WR,26,15,15,0,1,0,0,5,61,94,63,1130,17.94,4,3,0,0,1,61,0,5,1130,6,212.1
52,John Brown,BUF,WR,29,15,15,1,1,28,0,2,7,115,72,1060,14.72,0,0,28,1,1,7,0,2,1060,6,219.82
53,Hunter Henry,LAC,TE,25,12,12,0,0,0,0,0,0,76,55,652,11.85,1,1,0,0,0,0,0,0,652,5,148.2
54,Michael Gallup,DAL,WR,23,14,12,0,0,0,0,0,0,113,66,1107,16.77,0,0,0,0,0,0,0,0,1107,6,212.7
55,Aaron Rodgers,GNB,QB,36,16,16,353,569,4002,4,46,183,0,0,0,0,4,4,4002,26,569,183,1,46,0,0,272.38
56,Tyler Higbee,LAR,TE,26,15,15,0,0,0,0,0,0,89,69,734,10.64,0,0,0,0,0,0,0,0,734,3,160.4
57,D.J. Moore,CAR,WR,22,15,15,0,0,0,0,6,40,135,87,1175,13.51,2,1,0,0,0,40,0,6,1175,4,230.5
58,Robert Woods,LAR,WR,27,15,15,0,0,0,0,17,115,139,90,1134,12.6,0,0,0,0,0,115,1,17,1134,2,232.9
59,Carson Wentz,PHI,QB,27,16,16,388,607,4039,7,62,243,0,0,0,0,16,7,4039,27,607,243,1,62,0,0,271.86
60,Raheem Mostert,SFO,RB,27,16,0,0,0,0,0,137,772,22,14,180,12.86,2,2,0,0,0,772,8,137,180,2,165.2
61,Dallas Goedert,PHI,TE,24,15,9,0,0,0,0,0,0,87,58,607,10.47,2,2,0,0,0,0,0,0,607,5,144.7
62,Le'Veon Bell,NYJ,RB,27,15,15,0,0,0,0,245,789,78,66,461,6.98,1,1,0,0,0,789,3,245,461,1,213
63,Mike Gesicki,MIA,TE,24,16,5,0,0,0,0,0,0,89,51,570,11.18,1,1,0,0,0,0,0,0,570,5,136
64,Calvin Ridley,ATL,WR,25,13,10,0,0,0,0,2,34,93,63,866,13.75,0,0,0,0,0,34,0,2,866,7,195
65,David Montgomery,CHI,RB,22,16,8,0,0,0,0,242,889,35,25,185,7.4,2,2,0,0,0,889,6,242,185,1,170.4
66,Terry McLaurin,WAS,WR,24,14,14,0,0,0,0,0,0,93,58,919,15.84,0,0,0,0,0,0,0,0,919,7,191.9
67,Tyler Boyd,CIN,WR,25,16,15,0,0,0,0,4,23,148,90,1046,11.62,2,2,0,0,0,23,0,4,1046,5,222.9
68,Matt Ryan,ATL,QB,34,15,15,408,616,4466,14,34,147,0,0,0,0,9,5,4466,26,616,147,1,34,0,0,265.34
69,Deebo Samuel,SFO,WR,23,15,11,0,0,0,0,14,159,81,57,802,14.07,2,1,0,0,0,159,3,14,802,3,187.1
70,Marvin Jones,DET,WR,29,13,11,0,0,0,0,2,0,91,62,779,12.56,0,0,0,0,0,0,0,2,779,9,193.9
71,Carlos Hyde,HOU,RB,29,16,14,0,0,0,0,245,1070,16,10,42,4.2,4,2,0,0,0,1070,6,245,42,0,153.2
72,Tyreek Hill,KAN,WR,25,12,12,0,0,0,0,8,23,89,58,860,14.83,0,0,0,0,0,23,0,8,860,7,188.3
73,Davante Adams,GNB,WR,27,12,12,0,0,0,0,0,0,127,83,997,12.01,2,1,0,0,0,0,0,0,997,5,210.7
74,Sony Michel,NWE,RB,24,16,14,0,0,0,0,247,912,20,12,94,7.83,2,1,0,0,0,912,7,247,94,0,152.6
75,Tom Brady,NWE,QB,42,16,16,373,613,4057,8,26,34,0,0,0,0,4,1,4057,24,613,34,3,26,0,0,261.68
76,Jason Witten,DAL,TE,37,16,16,0,0,0,0,0,0,83,63,529,8.4,1,1,0,0,0,0,0,0,529,4,137.9
77,Michael Burton,WAS,0,27,10,2,0,0,0,0,0,0,1,0,0,0,0,0,0,0,0,0,0,0,0,0,0
78,Jared Goff,LAR,QB,25,16,16,394,626,4638,16,33,40,0,0,0,0,10,5,4638,22,626,40,2,33,0,0,247.52
79,Jimmy Garoppolo,SFO,QB,28,16,16,329,476,3978,13,46,62,0,0,0,0,10,5,3978,27,476,62,1,46,0,0,243.32
80,Derek Carr,OAK,QB,28,16,16,361,513,4054,8,27,82,0,0,0,0,7,3,4054,21,513,82,2,27,0,0,244.36
81,Kirk Cousins,MIN,QB,31,15,15,307,444,3603,6,31,63,1,0,0,0,10,3,3603,26,444,63,1,31,0,0,242.42
82,Ryan Fitzpatrick,MIA,QB,37,15,13,311,502,3529,13,54,243,0,0,0,0,9,2,3529,20,502,243,4,54,0,0,239.46
83,Philip Rivers,LAC,QB,38,16,16,390,591,4615,20,12,29,0,0,0,0,8,3,4615,23,591,29,0,12,0,0,233.5
84,Baker Mayfield,CLE,QB,24,16,16,317,534,3827,21,28,141,0,0,0,0,6,2,3827,22,534,141,3,28,0,0,227.18
85,Gardner Minshew,JAX,QB,23,14,12,285,470,3271,6,67,344,0,0,0,0,13,7,3271,21,470,344,0,67,0,0,223.24
86,Drew Brees,NOR,QB,40,11,11,281,378,2979,4,9,-4,0,0,0,0,0,0,2979,27,378,-4,1,9,0,0,224.76
87,Ryan Tannehill,TEN,QB,31,12,10,201,286,2742,6,43,185,0,0,0,0,6,3,2742,22,286,185,4,43,0,0,222.18
88,Jacoby Brissett,IND,QB,27,15,15,272,447,2942,6,56,228,1,1,2,2,7,5,2942,18,447,228,4,56,2,0,215.68
89,Daniel Jones,NYG,QB,22,13,12,284,459,3027,12,45,279,0,0,0,0,18,11,3027,24,459,279,2,45,0,0,210.98
90,Andy Dalton,CIN,QB,32,13,13,314,528,3494,14,32,73,1,1,-4,-4,8,4,3494,16,528,73,4,32,-4,0,199.66
91,Mitchell Trubisky,CHI,QB,25,15,15,326,516,3138,10,48,193,0,0,0,0,5,2,3138,17,516,193,2,48,0,0,200.82
92,Sam Darnold,NYJ,QB,22,13,13,273,441,3024,13,33,62,0,0,0,0,11,3,3024,19,441,62,2,33,0,0,183.16
93,Kyle Allen,CAR,QB,23,13,12,303,489,3322,16,32,106,0,0,0,0,13,7,3322,17,489,106,2,32,0,0,177.48
94,Matthew Stafford,DET,QB,31,8,8,187,291,2499,5,20,66,0,0,0,0,5,3,2499,19,291,66,0,20,0,0,166.56
95,Devonta Freeman,ATL,RB,27,14,14,0,0,0,0,184,656,70,59,410,6.95,3,2,0,0,0,656,2,184,410,4,197.6
96,Melvin Gordon,LAC,RB,26,12,11,0,0,0,0,162,612,55,42,296,7.05,4,3,0,0,0,612,8,162,296,1,180.8
97,Ronald Jones,TAM,RB,22,16,9,0,0,0,0,172,724,40,31,309,9.97,3,2,0,0,0,724,6,172,309,0,166.3
98,Adrian Peterson,WAS,RB,34,15,15,0,0,0,0,211,898,23,17,142,8.35,3,2,0,0,0,898,5,211,142,0,147
99,D.K. Metcalf,SEA,WR,22,16,15,0,0,0,0,2,11,100,58,900,15.52,3,3,0,0,0,11,0,2,900,7,185.1
100,James White,NWE,RB,27,15,1,1,1,35,0,67,263,95,72,645,8.96,1,1,35,0,1,263,1,67,645,5,198.2
101,Odell Beckham,CLE,WR,27,16,15,1,2,20,0,3,10,133,74,1035,13.99,1,1,20,0,2,10,0,3,1035,4,201.3
102,Emmanuel Sanders,2TM,WR,32,17,16,1,1,35,0,0,0,97,66,869,13.17,0,0,35,1,1,0,0,0,869,5,188.3
103,Latavius Murray,NOR,RB,29,16,8,0,0,0,0,146,637,43,34,235,6.91,0,0,0,0,0,637,5,146,235,1,157.2
104,Darius Slayton,NYG,WR,22,14,9,0,0,0,0,0,0,84,48,740,15.42,0,0,0,0,0,0,0,0,740,8,170
105,Jamison Crowder,NYJ,WR,26,16,12,0,0,0,0,1,4,122,78,833,10.68,0,0,0,0,0,4,0,1,833,6,197.7
106,Devin Singletary,BUF,RB,22,12,8,0,0,0,0,151,775,41,29,194,6.69,4,1,0,0,0,775,2,151,194,2,147.9
107,Cole Beasley,BUF,WR,30,15,10,0,0,0,0,0,0,106,67,778,11.61,0,0,0,0,0,0,0,0,778,6,180.8
108,Curtis Samuel,CAR,WR,23,16,15,0,0,0,0,19,130,105,54,627,11.61,0,0,0,0,0,130,1,19,627,6,171.7
109,Tevin Coleman,SFO,RB,26,14,11,0,0,0,0,137,544,30,21,180,8.57,0,0,0,0,0,544,6,137,180,1,135.4
110,James Conner,PIT,RB,24,10,10,0,0,0,0,116,464,38,34,251,7.38,1,1,0,0,0,464,4,116,251,3,145.5
111,Mike Williams,LAC,WR,25,15,15,0,0,0,0,1,2,90,49,1001,20.43,0,0,0,0,0,2,0,1,1001,2,161.3
112,Damien Williams,KAN,RB,27,11,6,0,0,0,0,111,498,37,30,213,7.1,1,1,0,0,0,498,5,111,213,2,141.1
113,Robby Anderson,NYJ,WR,26,16,15,0,0,0,0,1,4,96,52,779,14.98,1,0,0,0,0,4,0,1,779,5,160.3
114,Chris Conley,JAX,WR,27,16,14,0,0,0,0,0,0,90,47,775,16.49,0,0,0,0,0,0,0,0,775,5,154.5
115,Duke Johnson,HOU,RB,26,16,2,0,0,0,0,83,410,62,44,410,9.32,1,1,0,0,0,410,2,83,410,3,154
116,Mason Rudolph,PIT,QB,24,10,8,176,283,1765,9,21,42,0,0,0,0,4,0,1765,13,283,42,0,21,0,0,108.8
117,Jamaal Williams,GNB,RB,24,14,2,0,0,0,0,107,460,45,39,253,6.49,0,0,0,0,0,460,1,107,253,5,146.3
118,David Johnson,ARI,RB,28,13,9,0,0,0,0,94,345,47,36,370,10.28,1,1,0,0,0,345,2,94,370,4,141.5
119,Diontae Johnson,PIT,WR,23,16,12,0,0,0,0,4,41,92,59,680,11.53,5,2,0,0,0,41,0,4,680,5,157.1
120,Case Keenum,WAS,QB,31,10,8,160,247,1707,5,9,12,0,0,0,0,6,3,1707,11,247,12,1,9,0,0,103.48
121,Golden Tate,NYG,WR,31,11,10,0,0,0,0,1,16,85,49,676,13.8,1,1,0,0,0,16,0,1,676,6,152.2
122,Larry Fitzgerald,ARI,WR,36,16,16,0,0,0,0,0,0,109,75,804,10.72,1,1,0,0,0,0,0,0,804,4,177.4
123,Breshad Perriman,TAM,WR,26,14,4,0,0,0,0,2,16,69,36,645,17.92,0,0,0,0,0,16,0,2,645,6,138.1
124,Peyton Barber,TAM,RB,25,16,7,0,0,0,0,154,470,24,16,115,7.19,1,1,0,0,0,470,6,154,115,1,114.5
125,Jordan Howard,PHI,RB,25,10,4,0,0,0,0,119,525,14,10,69,6.9,0,0,0,0,0,525,6,119,69,1,111.4
126,Tyrell Williams,OAK,WR,27,14,12,0,0,0,0,0,0,64,42,651,15.5,0,0,0,0,0,0,0,0,651,6,143.1
127,Marquise Brown,BAL,WR,22,14,11,0,0,0,0,0,0,71,46,584,12.7,0,0,0,0,0,0,0,0,584,7,146.4
128,Randall Cobb,DAL,WR,29,15,6,0,1,0,0,3,11,83,55,828,15.05,2,1,0,0,1,11,0,3,828,3,154.9
129,Christian Kirk,ARI,WR,23,13,13,0,0,0,0,10,93,108,68,709,10.43,0,0,0,0,0,93,0,10,709,3,166.2
130,Royce Freeman,DEN,RB,23,16,0,0,0,0,0,132,496,50,43,256,5.95,0,0,0,0,0,496,3,132,256,1,142.2
131,Mecole Hardman,KAN,WR,21,16,5,0,0,0,0,4,17,41,26,538,20.69,2,2,0,0,0,17,0,4,538,6,113.5
132,Zach Pascal,IND,WR,25,16,13,0,1,0,0,2,16,72,41,607,14.8,0,0,0,0,1,16,0,2,607,5,133.3
133,LeSean McCoy,KAN,RB,31,13,9,0,0,0,0,101,465,34,28,181,6.46,3,2,0,0,0,465,4,101,181,1,118.6
134,Dede Westbrook,JAX,WR,26,15,11,0,0,0,0,5,27,101,66,660,10,1,0,0,0,0,27,0,5,660,3,152.7
135,Teddy Bridgewater,NOR,QB,27,9,5,133,196,1384,2,28,31,0,0,0,0,1,0,1384,9,196,31,0,28,0,0,90.46
136,James Washington,PIT,WR,23,15,10,0,0,0,0,0,0,80,44,735,16.7,1,1,0,0,0,0,0,0,735,3,133.5
137,Sammy Watkins,KAN,WR,26,14,13,0,0,0,0,2,12,90,52,673,12.94,2,1,0,0,0,12,0,2,673,3,136.5
138,Gus Edwards,BAL,RB,24,16,1,0,0,0,0,133,711,7,7,45,6.43,2,1,0,0,0,711,2,133,45,0,92.6
139,DeAndre Washington,OAK,RB,26,16,3,0,0,0,0,108,387,41,36,292,8.11,0,0,0,0,0,387,3,108,292,0,121.9
140,Tarik Cohen,CHI,RB,24,16,11,0,0,0,0,64,213,104,79,456,5.77,3,0,0,0,0,213,0,64,456,3,163.9
141,Joe Flacco,DEN,QB,34,8,8,171,262,1822,5,12,20,0,0,0,0,8,3,1822,6,262,20,0,12,0,0,82.88
142,Will Fuller,HOU,WR,25,11,11,0,0,0,0,0,0,71,49,670,13.67,1,0,0,0,0,0,0,0,670,3,134
143,Marcus Mariota,TEN,QB,26,7,6,95,160,1203,2,24,129,0,0,0,0,3,0,1203,7,160,129,0,24,0,0,85.02
144,Hunter Renfrow,OAK,WR,24,13,4,0,0,0,0,0,0,71,49,605,12.35,1,0,0,0,0,0,0,0,605,4,133.5
145,Sterling Shepard,NYG,WR,26,10,10,0,0,0,0,6,72,83,57,576,10.11,0,0,0,0,0,72,0,6,576,3,139.8
146,Matt Breida,SFO,RB,24,13,5,0,0,0,0,123,623,22,19,120,6.32,2,1,0,0,0,623,1,123,120,1,103.3
147,Adam Thielen,MIN,WR,29,10,10,0,0,0,0,4,6,48,30,418,13.93,0,0,0,0,0,6,1,4,418,6,114.4
148,Taysom Hill,NOR,QB,29,16,5,3,6,55,0,27,156,22,19,234,12.32,0,0,55,0,6,156,1,27,234,6,102.2
149,Frank Gore,BUF,RB,36,16,8,0,0,0,0,166,599,16,13,100,7.69,0,0,0,0,0,599,2,166,100,0,94.9
150,T.Y. Hilton,IND,WR,30,10,10,0,0,0,0,0,0,68,45,501,11.13,0,0,0,0,0,0,0,0,501,5,125.1
151,Kenny Stills,HOU,WR,27,13,5,0,0,0,0,0,0,55,40,561,14.03,0,0,0,0,0,0,0,0,561,4,120.1
152,Danny Amendola,DET,WR,34,15,10,1,1,19,0,0,0,97,62,678,10.94,0,0,19,1,1,0,0,0,678,1,140.56
153,Alshon Jeffery,PHI,WR,29,10,10,0,0,0,0,1,2,73,43,490,11.4,0,0,0,0,0,2,1,1,490,4,122.2
154,Dwayne Haskins,WAS,QB,22,9,7,119,203,1365,7,20,101,0,0,0,0,6,2,1365,7,203,101,0,20,0,0,74.7
155,Brandin Cooks,LAR,WR,26,14,14,0,0,0,0,6,52,72,42,583,13.88,0,0,0,0,0,52,0,6,583,2,117.5
156,Darren Fells,HOU,TE,33,16,14,0,0,0,0,0,0,48,34,341,10.03,0,0,0,0,0,0,0,0,341,7,110.1
157,Anthony Miller,CHI,WR,25,16,7,0,0,0,0,1,-1,85,52,656,12.62,1,1,0,0,0,-1,0,1,656,2,127.5
158,Steven Sims,WAS,WR,22,16,2,0,1,0,0,9,85,56,34,310,9.12,1,0,0,0,1,85,1,9,310,4,103.5
159,Kerryon Johnson,DET,RB,22,8,7,0,0,0,0,113,403,15,10,127,12.7,1,1,0,0,0,403,3,113,127,1,85
160,Kyle Rudolph,MIN,TE,30,16,16,0,0,0,0,0,0,48,39,367,9.41,0,0,0,0,0,0,0,0,367,6,111.7
161,Rex Burkhead,NWE,RB,29,13,1,0,0,0,0,65,302,38,27,279,10.33,1,1,0,0,0,302,3,65,279,0,101.1
162,Nyheim Hines,IND,RB,23,16,2,0,0,0,0,52,199,58,44,320,7.27,1,1,0,0,0,199,2,52,320,0,105.9
163,Tony Pollard,DAL,RB,22,15,0,0,0,0,0,86,455,20,15,107,7.13,1,1,0,0,0,455,2,86,107,1,87.2
164,Boston Scott,PHI,RB,24,11,2,0,0,0,0,61,245,26,24,204,8.5,4,1,0,0,0,245,5,61,204,0,96.9
165,Corey Davis,TEN,WR,24,15,11,0,0,0,0,0,0,69,43,601,13.98,1,0,0,0,0,0,0,0,601,2,115.1
166,Phillip Dorsett,NWE,WR,26,14,4,0,0,0,0,3,21,54,29,397,13.69,0,0,0,0,0,21,0,3,397,5,100.8
167,Greg Olsen,CAR,TE,34,14,14,0,0,0,0,0,0,82,52,597,11.48,0,0,0,0,0,0,0,0,597,2,123.7
168,Chase Edmonds,ARI,RB,23,13,2,0,0,0,0,60,303,21,12,105,8.75,0,0,0,0,0,303,4,60,105,1,82.8
169,Noah Fant,DEN,TE,22,16,11,0,0,0,0,3,-12,66,40,562,14.05,1,1,0,0,0,-12,0,3,562,3,111
170,JuJu Smith-Schuster,PIT,WR,23,12,12,0,0,0,0,0,0,70,42,552,13.14,1,1,0,0,0,0,0,0,552,3,113.2
171,Jonnu Smith,TEN,TE,24,16,14,0,0,0,0,4,78,44,35,439,12.54,0,0,0,0,0,78,0,4,439,3,104.7
172,Jack Doyle,IND,TE,29,16,16,0,0,0,0,0,0,72,43,448,10.42,1,0,0,0,0,0,0,0,448,4,111.8
173,Demarcus Robinson,KAN,WR,25,16,10,0,0,0,0,0,0,55,32,449,14.03,0,0,0,0,0,0,0,0,449,4,100.9
174,Kendrick Bourne,SFO,WR,24,16,0,0,0,0,0,0,0,44,30,358,11.93,0,0,0,0,0,0,0,0,358,5,95.8
175,Allen Lazard,GNB,WR,24,16,3,0,0,0,0,1,21,52,35,477,13.63,0,0,0,0,0,21,0,1,477,3,102.8
176,Drew Lock,DEN,QB,23,5,5,100,156,1020,3,18,72,0,0,0,0,3,1,1020,7,156,72,0,18,0,0,68
177,Rashaad Penny,SEA,RB,23,10,0,0,0,0,0,65,370,11,8,83,10.38,1,1,0,0,0,370,3,65,83,1,75.3
178,John Ross,CIN,WR,25,8,8,0,0,0,0,3,4,56,28,506,18.07,1,1,0,0,0,4,0,3,506,3,95
179,Evan Engram,NYG,TE,25,8,6,0,0,0,0,3,7,68,44,467,10.61,0,0,0,0,0,7,0,3,467,3,109.4
180,Mohamed Sanu,2TM,WR,30,15,12,0,0,0,0,3,11,89,59,520,8.81,0,0,0,0,0,11,0,3,520,2,124.1
181,Tyler Eifert,CIN,TE,29,16,4,0,0,0,0,0,0,63,43,436,10.14,0,0,0,0,0,0,0,0,436,3,104.6
182,Ryan Griffin,NYJ,TE,29,13,13,0,0,0,0,0,0,41,34,320,9.41,0,0,0,0,0,0,0,0,320,5,96
183,Kareem Hunt,CLE,RB,24,8,3,0,0,0,0,43,179,44,37,285,7.7,1,0,0,0,0,179,2,43,285,1,101.4
184,Willie Snead,BAL,WR,27,16,11,0,0,0,0,2,2,46,31,339,10.94,0,0,0,0,0,2,0,2,339,5,95.1
185,Jimmy Graham,GNB,TE,33,16,10,0,0,0,0,0,0,60,38,447,11.76,1,0,0,0,0,0,0,0,447,3,100.7
186,Auden Tate,CIN,WR,22,12,10,0,0,0,0,0,0,80,40,575,14.38,1,1,0,0,0,0,0,0,575,1,101.5
187,Taylor Gabriel,CHI,WR,28,9,7,0,0,0,0,3,20,48,29,353,12.17,0,0,0,0,0,20,0,3,353,4,90.3
188,Preston Williams,MIA,WR,22,8,7,0,0,0,0,0,0,60,32,428,13.38,2,1,0,0,0,0,0,0,428,3,90.8
189,Alexander Mattison,MIN,RB,21,13,0,0,0,0,0,100,462,12,10,82,8.2,1,1,0,0,0,462,1,100,82,0,68.4
190,Marquez Valdes-Scantling,GNB,WR,25,16,10,0,0,0,0,2,9,56,26,452,17.38,0,0,0,0,0,9,0,2,452,2,84.1
191,Malcolm Brown,LAR,RB,26,14,1,0,0,0,0,69,255,6,2,16,8,0,0,0,0,0,255,5,69,16,0,59.1
192,Jeff Driskel,DET,QB,26,3,3,62,105,685,4,22,151,1,1,6,6,1,0,685,4,105,151,1,22,6,0,58.1
193,Brian Hill,ATL,RB,24,12,2,0,0,0,0,78,323,14,10,69,6.9,0,0,0,0,0,323,2,78,69,1,67.2
194,Jaylen Samuels,PIT,RB,23,14,4,4,5,35,1,66,175,57,47,305,6.49,1,1,35,0,5,175,1,66,305,1,104.4
195,Tajae Sharpe,TEN,WR,25,15,6,0,0,0,0,0,0,35,25,329,13.16,0,0,0,0,0,0,0,0,329,4,81.9
196,Eric Ebron,IND,TE,26,11,2,0,0,0,0,0,0,52,31,375,12.1,0,0,0,0,0,0,0,0,375,3,86.5
197,Ted Ginn,NOR,WR,34,16,9,0,0,0,0,3,18,56,30,421,14.03,0,0,0,0,0,18,0,3,421,2,85.9
198,Nelson Agholor,PHI,WR,26,11,10,0,0,0,0,2,7,69,39,363,9.31,2,1,0,0,0,7,0,2,363,3,92
199,Cameron Brate,TAM,TE,28,16,6,0,0,0,0,0,0,55,36,311,8.64,0,0,0,0,0,0,0,0,311,4,91.1
200,Keelan Cole,JAX,WR,26,16,1,0,0,0,0,1,6,35,24,361,15.04,0,0,0,0,0,6,0,1,361,3,78.7
201,Blake Jarwin,DAL,TE,25,16,7,0,0,0,0,0,0,41,31,365,11.77,1,0,0,0,0,0,0,0,365,3,85.5
202,Benny Snell,PIT,RB,21,13,2,0,0,0,0,108,426,4,3,23,7.67,1,1,0,0,0,426,2,108,23,0,57.9
203,Jordan Akins,HOU,TE,27,16,9,0,0,0,0,0,0,55,36,418,11.61,0,0,0,0,0,0,0,0,418,2,89.8
204,David Blough,DET,QB,24,5,5,94,174,984,6,8,31,1,1,19,19,1,0,984,4,174,31,0,8,19,1,55.36
205,Eli Manning,NYG,QB,38,4,4,91,147,1042,5,4,7,0,0,0,0,3,1,1042,6,147,7,0,4,0,0,54.38
206,Alex Erickson,CIN,WR,27,16,6,1,1,26,0,5,33,78,43,529,12.3,4,2,26,0,1,33,0,5,529,0,96.24
207,Gerald Everett,LAR,TE,25,13,2,0,0,0,0,1,0,60,37,408,11.03,0,0,0,0,0,0,0,1,408,2,89.8
208,Jacob Hollister,SEA,TE,26,11,3,0,0,0,0,0,0,59,41,349,8.51,0,0,0,0,0,0,0,0,349,3,93.9
209,Tre'Quan Smith,NOR,WR,23,11,6,0,0,0,0,0,0,25,18,234,13,0,0,0,0,0,0,0,0,234,5,71.4
210,Darrel Williams,KAN,RB,24,12,0,0,0,0,0,41,141,19,15,167,11.13,1,1,0,0,0,141,3,41,167,1,67.8
211,Allen Hurns,MIA,WR,28,14,7,0,0,0,0,0,0,47,32,416,13,1,1,0,0,0,0,0,0,416,2,83.6
212,Dawson Knox,BUF,TE,23,15,11,0,0,0,0,1,9,50,28,388,13.86,0,0,0,0,0,9,0,1,388,2,79.7
213,Chris Thompson,WAS,RB,29,11,0,0,0,0,0,37,138,58,42,378,9,1,0,0,0,0,138,0,37,378,0,93.6
214,Will Dissly,SEA,TE,23,6,6,0,0,0,0,1,7,27,23,262,11.39,1,0,0,0,0,7,0,1,262,4,73.9
215,Devlin Hodges,PIT,QB,23,8,6,100,160,1063,8,21,68,0,0,0,0,5,1,1063,5,160,68,0,21,0,0,51.32
216,Russell Gage,ATL,WR,23,16,4,0,0,0,0,4,12,74,49,446,9.1,1,1,0,0,0,12,0,4,446,1,98.8
217,Derrius Guice,WAS,RB,22,5,1,0,0,0,0,42,245,9,7,79,11.29,0,0,0,0,0,245,2,42,79,1,57.4
218,O.J. Howard,TAM,TE,25,14,14,0,0,0,0,0,0,53,34,459,13.5,1,1,0,0,0,0,0,0,459,1,83.9
219,Adam Humphries,TEN,WR,26,12,3,0,0,0,0,1,1,47,37,374,10.11,1,0,0,0,0,1,0,1,374,2,86.5
220,J.D. McKissic,DET,RB,26,16,3,0,0,0,0,38,205,42,34,233,6.85,0,0,0,0,0,205,0,38,233,1,83.8
221,T.J. Hockenson,DET,TE,22,12,7,0,0,0,0,0,0,59,32,367,11.47,0,0,0,0,0,0,0,0,367,2,80.7
222,Demaryius Thomas,NYJ,WR,32,11,10,0,0,0,0,0,0,58,36,433,12.03,0,0,0,0,0,0,0,0,433,1,85.3
223,Olabisi Johnson,MIN,WR,22,16,6,0,0,0,0,1,6,45,31,294,9.48,0,0,0,0,0,6,0,1,294,3,79
224,Mike Boone,MIN,RB,24,16,2,0,0,0,0,49,273,4,3,17,5.67,0,0,0,0,0,273,3,49,17,0,50
225,Josh Gordon,2TM,WR,28,11,7,0,1,0,1,1,1,47,27,426,15.78,0,0,0,0,1,1,0,1,426,1,73.7
226,Hayden Hurst,BAL,TE,26,16,4,0,0,0,0,0,0,39,30,349,11.63,0,0,0,0,0,0,0,0,349,2,76.9
227,Foster Moreau,OAK,TE,22,13,7,0,0,0,0,0,0,25,21,174,8.29,0,0,0,0,0,0,0,0,174,5,68.4
228,Jalen Richard,OAK,RB,26,16,0,0,0,0,0,39,145,43,36,323,8.97,2,0,0,0,0,145,0,39,323,0,82.8
229,Jordan Wilkins,IND,RB,25,14,1,0,0,0,0,51,307,11,7,43,6.14,0,0,0,0,0,307,2,51,43,0,54
230,Vance McDonald,PIT,TE,29,14,14,0,0,0,0,1,2,55,38,273,7.18,1,0,0,0,0,2,0,1,273,3,83.5
231,Albert Wilson,MIA,WR,27,13,4,1,2,20,0,5,45,62,43,351,8.16,0,0,20,0,2,45,0,5,351,1,89.4
232,Patrick Laird,MIA,RB,24,15,4,0,0,0,0,62,168,30,23,204,8.87,0,0,0,0,0,168,1,62,204,0,66.2
233,Ricky Seals-Jones,CLE,TE,24,14,3,0,0,0,0,0,0,22,14,229,16.36,1,1,0,0,0,0,0,0,229,4,58.9
234,Kaden Smith,NYG,TE,22,9,6,0,0,0,0,0,0,42,31,268,8.65,2,0,0,0,0,0,0,0,268,3,75.8
235,Nick Boyle,BAL,TE,26,16,15,0,0,0,0,0,0,43,31,321,10.35,0,0,0,0,0,0,0,0,321,2,75.1
236,Jeff Wilson,SFO,RB,24,10,0,0,0,0,0,27,105,5,3,34,11.33,0,0,0,0,0,105,4,27,34,1,46.9
237,David Moore,SEA,WR,24,14,1,0,0,0,0,3,25,34,17,301,17.71,2,1,0,0,0,25,0,3,301,2,59.6
238,Irv Smith Jr.,MIN,TE,21,16,7,0,0,0,0,0,0,47,36,311,8.64,1,0,0,0,0,0,0,0,311,2,79.1
239,Brandon Bolden,NWE,RB,29,15,2,0,0,0,0,15,68,11,9,111,12.33,0,0,0,0,0,68,3,15,111,1,50.9
240,Justice Hill,BAL,RB,22,16,0,0,0,0,0,58,225,15,8,70,8.75,0,0,0,0,0,225,2,58,70,0,49.5
241,Cody Latimer,NYG,WR,27,15,10,0,0,0,0,0,0,42,24,300,12.5,0,0,0,0,0,0,0,0,300,2,66
242,Matt Moore,KAN,QB,35,6,2,59,91,659,0,5,-1,0,0,0,0,2,0,659,4,91,-1,0,5,0,0,42.26
243,Bo Scarbrough,DET,RB,23,6,5,0,0,0,0,89,377,4,1,5,5,1,1,0,0,0,377,1,89,5,0,43.2
244,Geronimo Allison,GNB,WR,25,16,6,0,0,0,0,1,7,55,34,287,8.44,2,1,0,0,0,7,0,1,287,2,73.4
245,Josh Hill,NOR,TE,29,16,11,0,0,0,0,0,0,35,25,226,9.04,0,0,0,0,0,0,0,0,226,3,65.6
246,Dion Lewis,TEN,RB,29,16,1,0,0,0,0,54,209,32,25,164,6.56,1,1,0,0,0,209,0,54,164,1,66.3
247,Josh Reynolds,LAR,WR,24,16,2,0,0,0,0,5,23,43,21,326,15.52,0,0,0,0,0,23,0,5,326,1,61.9
248,Damiere Byrd,ARI,WR,26,11,3,0,0,0,0,0,0,46,32,359,11.22,1,1,0,0,0,0,0,0,359,1,71.9
249,Marcus Johnson,IND,WR,25,8,6,0,0,0,0,0,0,33,17,277,16.29,0,0,0,0,0,0,0,0,277,2,56.7
250,Dare Ogunbowale,TAM,RB,25,16,0,0,0,0,0,11,17,46,35,286,8.17,2,1,0,0,0,17,2,11,286,0,75.3
251,Seth Roberts,BAL,WR,28,16,0,0,0,0,0,0,0,35,21,271,12.9,0,0,0,0,0,0,0,0,271,2,60.1
252,Kalen Ballage,MIA,RB,24,12,6,0,0,0,0,74,135,24,14,63,4.5,0,0,0,0,0,135,3,74,63,0,51.8
253,Giovani Bernard,CIN,RB,28,16,2,0,0,0,0,53,170,43,30,234,7.8,2,1,0,0,0,170,0,53,234,0,68.4
254,Miles Boykin,BAL,WR,23,16,11,0,0,0,0,0,0,22,13,198,15.23,0,0,0,0,0,0,0,0,198,3,50.8
255,Nick Foles,JAX,QB,30,4,4,77,117,736,2,4,23,0,0,0,0,2,2,736,3,117,23,0,4,0,0,35.74
256,Ryquell Armstead,JAX,RB,23,16,1,0,0,0,0,35,108,24,14,144,10.29,0,0,0,0,0,108,0,35,144,2,51.2
257,Wayne Gallman,NYG,RB,25,10,2,0,0,0,0,29,110,15,11,102,9.27,1,1,0,0,0,110,2,29,102,1,48.2
258,Kelvin Harmon,WAS,WR,23,16,8,1,1,11,0,0,0,44,30,365,12.17,0,0,11,0,1,0,0,0,365,0,66.94
259,Paul Richardson,WAS,WR,27,10,6,0,0,0,0,1,0,42,28,245,8.75,0,0,0,0,0,0,0,1,245,2,64.5
260,DaeSean Hamilton,DEN,WR,24,16,2,0,0,0,0,0,0,52,28,297,10.61,0,0,0,0,0,0,0,0,297,1,63.7
261,Ty Johnson,DET,RB,22,16,1,0,0,0,0,63,273,31,24,109,4.54,1,1,0,0,0,273,0,63,109,0,60.2
262,Isaiah McKenzie,BUF,WR,24,15,8,0,0,0,0,8,49,39,27,254,9.41,0,0,0,0,0,49,0,8,254,1,63.3
263,Jakobi Meyers,NWE,WR,23,15,1,0,0,0,0,0,0,41,26,359,13.81,0,0,0,0,0,0,0,0,359,0,61.9
264,C.J. Uzomah,CIN,TE,26,16,16,0,0,0,0,0,0,40,27,242,8.96,0,0,0,0,0,0,0,0,242,2,63.2
265,Demetrius Harris,CLE,TE,28,15,6,0,0,0,0,0,0,27,15,149,9.93,0,0,0,0,0,0,0,0,149,3,47.9
266,Jonathan Williams,IND,RB,25,9,1,0,0,0,0,49,235,5,5,59,11.8,0,0,0,0,0,235,1,49,59,0,40.4
267,Tavon Austin,DAL,WR,29,14,0,0,0,0,0,6,47,24,13,177,13.62,1,0,0,0,0,47,1,6,177,1,47.4
268,Delanie Walker,TEN,TE,35,7,4,0,0,0,0,0,0,31,21,215,10.24,1,0,0,0,0,0,0,0,215,2,54.5
269,Brandon Allen,DEN,QB,27,3,3,39,84,515,2,10,39,0,0,0,0,0,0,515,3,84,39,0,10,0,0,32.5
270,Marvin Hall,DET,WR,26,9,0,0,0,0,0,1,7,11,7,261,37.29,0,0,0,0,0,7,0,1,261,1,39.8
271,Matt Schaub,ATL,QB,38,6,1,50,67,580,1,3,-3,0,0,0,0,1,1,580,3,67,-3,0,3,0,0,30.9
272,Jaron Brown,SEA,WR,29,14,4,0,0,0,0,0,0,28,16,220,13.75,1,1,0,0,0,0,0,0,220,2,48
273,Vyncint Smith,NYJ,WR,23,13,4,0,0,0,0,3,52,31,17,225,13.24,1,1,0,0,0,52,1,3,225,0,48.7
274,Greg Ward,PHI,WR,24,7,3,0,0,0,0,1,5,40,28,254,9.07,0,0,0,0,0,5,0,1,254,1,59.9
275,Pharoh Cooper,2TM,WR,24,13,1,0,0,0,0,1,2,33,25,243,9.72,0,0,0,0,0,2,0,1,243,1,55.5
276,Keke Coutee,HOU,WR,22,9,4,0,0,0,0,2,14,36,22,254,11.55,1,1,0,0,0,14,1,2,254,0,52.8
277,Kyle Juszczyk,SFO,RB,28,12,12,0,0,0,0,3,7,24,20,239,11.95,0,0,0,0,0,7,0,3,239,1,50.6
278,Malik Turner,SEA,WR,23,15,3,0,0,0,0,0,0,22,15,245,16.33,0,0,0,0,0,0,0,0,245,1,45.5
279,Charles Clay,ARI,TE,30,15,10,0,0,0,0,0,0,24,18,237,13.17,0,0,0,0,0,0,0,0,237,1,47.7
280,Qadree Ollison,ATL,RB,23,8,0,0,0,0,0,22,50,2,1,7,7,1,0,0,0,0,50,4,22,7,0,30.7
281,Chester Rogers,IND,WR,25,12,6,0,0,0,0,1,18,28,16,179,11.19,2,1,0,0,0,18,0,1,179,2,45.7
282,Jeremy Sprinkle,WAS,TE,25,16,13,0,0,0,0,0,0,40,26,241,9.27,1,0,0,0,0,0,0,0,241,1,56.1
283,Jarius Wright,CAR,WR,30,16,9,0,0,0,0,1,-7,58,28,296,10.57,0,0,0,0,0,-7,0,1,296,0,56.9
284,DeSean Jackson,PHI,WR,33,3,3,0,0,0,0,0,0,10,9,159,17.67,0,0,0,0,0,0,0,0,159,2,36.9
285,Jake Kumerow,GNB,WR,27,14,4,0,0,0,0,0,0,21,12,219,18.25,0,0,0,0,0,0,0,0,219,1,39.9
286,Scott Miller,TAM,WR,22,10,2,0,0,0,0,2,16,26,13,200,15.38,0,0,0,0,0,16,0,2,200,1,40.6
287,Justin Watson,TAM,WR,24,16,2,0,0,0,0,0,0,26,15,159,10.6,0,0,0,0,0,0,0,0,159,2,42.9
288,Jakeem Grant,MIA,WR,27,10,2,0,0,0,0,4,5,33,19,164,8.63,2,1,0,0,0,5,1,4,164,0,39.9
289,N'Keal Harry,NWE,WR,22,7,5,0,0,0,0,5,49,24,12,105,8.75,0,0,0,0,0,49,0,5,105,2,39.4
290,James O'Shaughnessy,JAX,TE,27,5,5,0,0,0,0,0,0,20,14,153,10.93,0,0,0,0,0,0,0,0,153,2,41.3
291,Mark Walton,MIA,RB,22,7,4,0,0,0,0,53,201,21,15,89,5.93,1,1,0,0,0,201,0,53,89,0,42
292,Chase Daniel,CHI,QB,33,3,1,45,64,435,2,6,6,0,0,0,0,0,0,435,3,64,6,0,6,0,0,26
293,Anthony Firkser,TEN,TE,24,15,1,0,0,0,0,0,0,24,14,204,14.57,0,0,0,0,0,0,0,0,204,1,40.4
294,Isaiah Ford,MIA,WR,23,8,0,0,0,0,0,1,11,35,23,244,10.61,0,0,0,0,0,11,0,1,244,0,48.5
295,Marquise Goodwin,SFO,WR,29,9,6,0,0,0,0,1,15,21,12,186,15.5,0,0,0,0,0,15,0,1,186,1,38.1
296,Dontrell Hilliard,CLE,RB,24,14,0,0,0,0,0,13,49,15,12,92,7.67,2,0,0,0,0,49,2,13,92,0,38.1
297,Andy Isabella,ARI,WR,23,15,1,0,0,0,0,4,15,13,9,189,21,0,0,0,0,0,15,0,4,189,1,35.4
298,Bilal Powell,NYJ,RB,31,13,1,0,1,0,0,59,229,12,7,33,4.71,0,0,0,0,1,229,0,59,33,0,33.2
299,Trey Quinn,WAS,WR,24,12,6,0,0,0,0,0,0,47,26,198,7.62,1,1,0,0,0,0,0,0,198,1,49.8
300,Damion Ratley,CLE,WR,24,13,3,0,0,0,0,0,0,24,12,200,16.67,0,0,0,0,0,0,0,0,200,1,38
301,Maxx Williams,ARI,TE,25,16,10,0,0,0,0,0,0,19,15,202,13.47,0,0,0,0,0,0,0,0,202,1,41.2
302,Dan Arnold,2TM,TE,24,5,1,0,0,0,0,0,0,14,8,127,15.88,0,0,0,0,0,0,0,0,127,2,32.7
303,Ryan Finley,CIN,QB,25,3,3,41,87,474,2,10,77,0,0,0,0,4,3,474,2,87,77,0,10,0,0,24.66
304,KeeSean Johnson,ARI,WR,23,10,4,0,0,0,0,1,3,42,21,187,8.9,1,1,0,0,0,3,0,1,187,1,44
305,Cordarrelle Patterson,CHI,WR,28,16,4,0,0,0,0,17,103,17,11,83,7.55,0,0,0,0,0,103,0,17,83,0,29.6
306,Ito Smith,ATL,RB,24,7,0,0,0,0,0,22,106,14,11,87,7.91,0,0,0,0,0,106,1,22,87,0,36.3
307,Javon Wims,CHI,WR,25,16,6,0,0,0,0,0,0,39,18,186,10.33,0,0,0,0,0,0,0,0,186,1,42.6
308,Ameer Abdullah,MIN,RB,26,16,0,0,0,0,0,23,115,21,15,88,5.87,1,1,0,0,0,115,0,23,88,1,39.3
309,Myles Gaskin,MIA,RB,22,7,0,0,0,0,0,36,133,12,7,51,7.29,0,0,0,0,0,133,1,36,51,0,31.4
310,Dante Pettis,SFO,WR,24,11,4,1,1,16,0,0,0,24,11,109,9.91,0,0,16,0,1,0,0,0,109,2,34.54
311,Laquon Treadwell,MIN,WR,24,13,1,0,0,0,0,0,0,16,9,184,20.44,0,0,0,0,0,0,0,0,184,1,33.4
312,Olamide Zaccheaus,ATL,WR,22,10,0,0,0,0,0,0,0,5,3,115,38.33,0,0,0,0,0,0,0,0,115,1,20.5
313,JJ Arcega-Whiteside,PHI,WR,23,16,5,0,0,0,0,0,0,22,10,169,16.9,0,0,0,0,0,0,0,0,169,1,32.9
314,Reggie Bonnafon,CAR,RB,23,16,0,0,0,0,0,16,116,9,6,57,9.5,0,0,0,0,0,116,1,16,57,0,29.3
315,Rhett Ellison,NYG,TE,31,10,7,0,0,0,0,0,0,28,18,167,9.28,0,0,0,0,0,0,0,0,167,1,40.7
316,Bennie Fowler,NYG,WR,28,8,2,0,0,0,0,1,20,36,23,193,8.39,0,0,0,0,0,20,0,1,193,0,44.3
317,Byron Pringle,KAN,WR,26,16,0,0,0,0,0,0,0,16,12,170,14.17,0,0,0,0,0,0,0,0,170,1,35
318,Darwin Thompson,KAN,RB,23,12,0,0,0,0,0,37,128,10,9,43,4.78,0,0,0,0,0,128,1,37,43,0,32.1
319,Logan Thomas,DET,TE,28,16,3,0,0,0,0,0,0,28,16,173,10.81,0,0,0,0,0,0,0,0,173,1,39.3
320,Duke Williams,BUF,WR,26,4,3,0,0,0,0,0,0,19,12,166,13.83,0,0,0,0,0,0,0,0,166,1,34.6
321,Justin Jackson,LAC,RB,24,7,0,0,0,0,0,29,200,11,9,22,2.44,0,0,0,0,0,200,0,29,22,0,31.2
322,Zay Jones,2TM,WR,24,15,9,0,0,0,0,1,3,45,27,216,8,0,0,0,0,0,3,0,1,216,0,48.9
323,Marcedes Lewis,GNB,TE,35,16,11,0,0,0,0,0,0,19,15,156,10.4,0,0,0,0,0,0,0,0,156,1,36.6
324,Tim Patrick,DEN,WR,26,8,2,0,0,0,0,0,0,31,16,218,13.63,0,0,0,0,0,0,0,0,218,0,37.8
325,Ross Dwelley,SFO,TE,24,16,6,0,0,0,0,0,0,22,15,91,6.07,0,0,0,0,0,0,0,0,91,2,36.1
326,Jaeden Graham,ATL,TE,24,16,0,0,0,0,0,0,0,10,9,149,16.56,0,0,0,0,0,0,0,0,149,1,29.9
327,C.J. Ham,MIN,RB,26,16,7,0,0,0,0,7,17,26,17,149,8.76,1,1,0,0,0,17,0,7,149,1,37.6
328,Brian Hoyer,IND,QB,34,4,1,35,65,372,4,8,2,0,0,0,0,2,1,372,4,65,2,0,8,0,0,21.08
329,Kalif Raymond,TEN,WR,25,8,1,0,0,0,0,1,-5,12,9,170,18.89,1,1,0,0,0,-5,0,1,170,1,29.5
330,Parris Campbell,IND,WR,22,7,3,0,0,0,0,4,34,24,18,127,7.06,3,1,0,0,0,34,0,4,127,1,38.1
331,Derek Carrier,OAK,TE,29,16,4,0,0,0,0,1,27,19,13,108,8.31,0,0,0,0,0,27,0,1,108,1,32.5
332,Trevor Davis,3TM,WR,26,14,4,0,0,0,0,4,73,11,8,111,13.88,3,2,0,0,0,73,1,4,111,0,28.4
333,Justin Hardy,ATL,WR,28,16,1,0,0,0,0,0,0,26,19,195,10.26,0,0,0,0,0,0,0,0,195,0,38.5
334,Richie James,SFO,WR,24,16,1,0,0,0,0,2,-1,10,6,165,27.5,1,1,0,0,0,-1,0,2,165,1,26.4
335,Ian Thomas,CAR,TE,23,16,3,0,0,0,0,0,0,30,16,136,8.5,0,0,0,0,0,0,0,0,136,1,35.6
336,Matt LaCosse,NWE,TE,27,11,8,0,0,0,0,0,0,19,13,131,10.08,0,0,0,0,0,0,0,0,131,1,32.1
337,Ty Montgomery,NYJ,RB,26,16,2,0,0,0,0,32,103,17,13,90,6.92,0,0,0,0,0,103,0,32,90,0,32.3
338,C.J. Prosise,SEA,RB,25,9,0,0,0,0,0,23,72,12,10,76,7.6,1,1,0,0,0,72,1,23,76,0,28.8
339,Vernon Davis,WAS,TE,35,4,1,0,0,0,0,0,0,19,10,123,12.3,0,0,0,0,0,0,0,0,123,1,28.3
340,Darrell Henderson,LAR,RB,22,13,0,0,0,0,0,39,147,6,4,37,9.25,0,0,0,0,0,147,0,39,37,0,22.4
341,Dontrelle Inman,2TM,WR,30,7,1,0,0,0,0,0,0,21,12,181,15.08,0,0,0,0,0,0,0,0,181,0,30.1
342,Josh Rosen,MIA,QB,22,6,3,58,109,567,5,3,13,0,0,0,0,1,0,567,1,109,13,0,3,0,0,17.98
343,Jeff Heuerman,DEN,TE,27,14,11,0,0,0,0,0,0,20,14,114,8.14,0,0,0,0,0,0,0,0,114,1,31.4
344,Travis Homer,SEA,RB,21,16,1,0,0,0,0,18,114,13,11,56,5.09,0,0,0,0,0,114,0,18,56,0,28
345,Ryan Izzo,NWE,TE,24,6,4,0,0,0,0,0,0,9,6,114,19,0,0,0,0,0,0,0,0,114,1,23.4
346,A.J. McCarron,HOU,QB,29,2,1,21,37,225,1,5,39,0,0,0,0,0,0,225,0,37,39,1,5,0,0,16.9
347,Cam Newton,CAR,QB,30,2,2,50,89,572,1,5,-2,0,0,0,0,2,2,572,0,89,-2,0,5,0,0,16.68
348,Nick O'Leary,2TM,TE,27,12,5,0,0,0,0,0,0,18,13,109,8.38,1,0,0,0,0,0,0,0,109,1,29.9
349,Devin Smith,DAL,WR,27,4,2,0,0,0,0,0,0,9,5,113,22.6,0,0,0,0,0,0,0,0,113,1,22.3
350,Nick Vannett,2TM,TE,26,16,7,0,0,0,0,0,0,22,17,166,9.76,0,0,0,0,0,0,0,0,166,0,33.6
351,Ben Watson,NWE,TE,39,10,8,0,0,0,0,0,0,24,17,173,10.18,0,0,0,0,0,0,0,0,173,0,34.3
352,T.J. Yeldon,BUF,RB,26,6,0,0,0,0,0,17,63,15,13,124,9.54,1,1,0,0,0,63,0,17,124,0,29.7
353,Andrew Beck,DEN,RB,23,16,6,1,1,6,0,1,3,12,9,90,10,0,0,6,0,1,3,0,1,90,1,24.54
354,Robert Griffin,BAL,QB,29,7,1,23,38,225,2,20,70,0,0,0,0,0,0,225,1,38,70,0,20,0,0,16
355,Hale Hentges,WAS,TE,23,11,4,0,0,0,0,0,0,14,8,103,12.88,0,0,0,0,0,0,0,0,103,1,24.3
356,Robert Tonyan,GNB,TE,25,11,1,0,0,0,0,0,0,15,10,100,10,0,0,0,0,0,0,0,0,100,1,26
357,Joshua Perkins,PHI,TE,26,5,0,0,0,0,0,0,0,13,9,87,9.67,0,0,0,0,0,0,0,0,87,1,23.7
358,MyCole Pruitt,TEN,TE,27,16,10,0,0,0,0,0,0,8,6,90,15,0,0,0,0,0,0,0,0,90,1,21
359,Wendell Smallwood,WAS,RB,25,15,0,0,0,0,0,22,81,13,9,64,7.11,0,0,0,0,0,81,0,22,64,0,23.5
360,DeAndre Carter,HOU,WR,26,16,3,0,0,0,0,0,0,14,11,162,14.73,2,1,0,0,0,0,0,0,162,0,25.2
361,Seth Devalve,JAX,TE,26,12,6,0,0,0,0,0,0,18,12,140,11.67,0,0,0,0,0,0,0,0,140,0,26
362,Trey Edmunds,PIT,RB,25,11,0,0,0,0,0,22,92,7,6,48,8,0,0,0,0,0,92,0,22,48,0,20
363,Virgil Green,LAC,TE,31,15,4,0,0,0,0,0,0,13,9,78,8.67,0,0,0,0,0,0,0,0,78,1,22.8
364,Wes Hills,DET,RB,24,1,1,0,0,0,0,10,21,2,2,1,0.5,0,0,0,0,0,21,2,10,1,0,16.2
365,Jesse James,DET,TE,25,16,11,0,0,0,0,0,0,27,16,142,8.88,0,0,0,0,0,0,0,0,142,0,30.2
366,Daniel Brown,NYJ,TE,27,16,5,0,0,0,0,0,0,11,7,72,10.29,0,0,0,0,0,0,0,0,72,1,20.2
367,Keelan Doss,OAK,WR,23,8,2,0,0,0,0,0,0,14,11,133,12.09,0,0,0,0,0,0,0,0,133,0,24.3
368,Rico Gafford,OAK,WR,23,4,1,0,0,0,0,0,0,2,2,66,33,0,0,0,0,0,0,0,0,66,1,14.6
369,Mack Hollins,2TM,WR,26,16,3,0,0,0,0,0,0,23,10,125,12.5,0,0,0,0,0,0,0,0,125,0,22.5
370,Jesper Horsted,CHI,TE,22,6,1,0,0,0,0,0,0,10,8,87,10.88,1,1,0,0,0,0,0,0,87,1,20.7
371,Tyler Kroft,BUF,TE,27,11,3,0,0,0,0,0,0,14,6,71,11.83,0,0,0,0,0,0,0,0,71,1,19.1
372,Ben Roethlisberger,PIT,QB,37,2,2,35,62,351,1,1,7,0,0,0,0,1,0,351,0,62,7,0,1,0,0,12.74
373,Kerrith Whyte,PIT,RB,23,6,0,0,0,0,0,24,122,1,1,9,9,0,0,0,0,0,122,0,24,9,0,14.1
374,Ben Braunecker,CHI,TE,25,11,3,0,0,0,0,0,0,11,6,59,9.83,0,0,0,0,0,0,0,0,59,1,17.9
375,Antonio Brown,NWE,WR,31,1,0,0,0,0,0,1,5,8,4,56,14,0,0,0,0,0,5,0,1,56,1,16.1
376,Deon Cain,2TM,WR,23,13,6,0,0,0,0,0,0,20,9,124,13.78,0,0,0,0,0,0,0,0,124,0,21.4
377,Rashard Higgins,CLE,WR,25,10,1,0,0,0,0,0,0,11,4,55,13.75,0,0,0,0,0,0,0,0,55,1,15.5
378,Alec Ingold,OAK,RB,23,16,4,0,0,0,0,10,17,6,6,44,7.33,0,0,0,0,0,17,0,10,44,1,18.1
379,Javorius Allen,NYG,RB,28,10,0,0,0,0,0,10,36,2,1,9,9,0,0,0,0,0,36,1,10,9,0,11.5
380,Stephen Carlson,CLE,TE,23,9,5,0,0,0,0,0,0,7,5,51,10.2,0,0,0,0,0,0,0,0,51,1,16.1
381,Darren Sproles,PHI,RB,36,6,1,0,0,0,0,17,66,10,6,24,4,1,0,0,0,0,66,0,17,24,0,15
382,Tommy Sweeney,BUF,TE,24,6,1,0,0,0,0,0,0,13,8,114,14.25,0,0,0,0,0,0,0,0,114,0,19.4
383,Brandon Zylstra,CAR,WR,26,8,0,0,0,0,0,0,0,12,8,106,13.25,1,0,0,0,0,0,0,0,106,0,18.6
384,Marcell Ateman,OAK,WR,25,11,0,0,0,0,0,0,0,10,5,116,23.2,1,1,0,0,0,0,0,0,116,0,14.6
385,Braxton Berrios,NYJ,WR,24,16,0,0,0,0,0,0,0,13,6,115,19.17,1,1,0,0,0,0,0,0,115,0,15.5
386,Troy Fumagalli,DEN,TE,24,11,5,0,0,0,0,0,0,9,6,38,6.33,0,0,0,0,0,0,0,0,38,1,15.8
387,Deonte Harris,NOR,WR,22,14,1,0,0,0,0,4,31,6,6,24,4,3,1,0,0,0,31,0,4,24,0,9.5
388,Andy Janovich,DEN,RB,26,7,3,0,0,0,0,1,1,5,5,42,8.4,0,0,0,0,0,1,1,1,42,0,15.3
389,T.J. Jones,NYG,WR,27,3,0,0,0,0,0,0,0,4,3,38,12.67,3,0,0,0,0,0,0,0,38,1,12.8
390,JJ Nelson,OAK,WR,27,2,1,0,0,0,0,0,0,5,4,36,9,0,0,0,0,0,0,0,0,36,1,13.6
391,David Njoku,CLE,TE,23,4,1,0,0,0,0,0,0,10,5,41,8.2,0,0,0,0,0,0,0,0,41,1,15.1
392,Danny Vitale,GNB,RB,26,15,4,0,0,0,0,1,3,12,7,97,13.86,0,0,0,0,0,3,0,1,97,0,17
393,Derek Watt,LAC,RB,27,16,2,0,0,0,0,7,10,5,3,32,10.67,0,0,0,0,0,10,1,7,32,0,13.2
394,Mo Alie-Cox,IND,TE,26,16,2,0,0,0,0,0,0,11,8,93,11.63,0,0,0,0,0,0,0,0,93,0,17.3
395,Kenjon Barner,ATL,RB,29,14,0,1,1,3,0,4,28,8,6,22,3.67,4,1,3,0,1,28,0,4,22,0,9.12
396,Christian Blake,ATL,WR,23,9,3,0,0,0,0,0,0,24,11,91,8.27,0,0,0,0,0,0,0,0,91,0,20.1
397,Antonio Callaway,CLE,WR,22,4,2,0,0,0,0,0,0,15,8,89,11.13,0,0,0,0,0,0,0,0,89,0,16.9
398,Luke Falk,NYJ,QB,25,3,2,47,73,416,3,0,0,0,0,0,0,2,1,416,0,73,0,0,0,0,0,8.64
399,Robert Foster,BUF,WR,25,13,2,0,0,0,0,2,29,18,3,64,21.33,0,0,0,0,0,29,0,2,64,0,12.3
400,J.P. Holtz,2TM,TE,26,15,7,0,0,0,0,0,0,8,7,91,13,0,0,0,0,0,0,0,0,91,0,16.1
401,D'Ernest Johnson,CLE,RB,23,16,0,0,0,0,0,4,21,7,6,71,11.83,0,0,0,0,0,21,0,4,71,0,15.2
402,Marshawn Lynch,SEA,RB,33,1,0,0,0,0,0,12,34,0,0,0,0,0,0,0,0,0,34,1,12,0,0,9.4
403,Lee Smith,BUF,TE,32,16,5,0,0,0,0,0,0,5,4,31,7.75,0,0,0,0,0,0,0,0,31,1,13.1
404,Alex Armah,CAR,RB,25,16,1,0,0,0,0,6,11,2,2,6,3,0,0,0,0,0,11,1,6,6,0,9.7
405,Nick Bellore,SEA,RB,30,14,1,0,0,0,0,0,0,2,2,23,11.5,0,0,0,0,0,0,0,0,23,1,10.3
406,Ventell Bryant,DAL,WR,23,12,0,0,0,0,0,0,0,1,1,15,15,0,0,0,0,0,0,0,0,15,1,8.5
407,Trey Burton,CHI,TE,28,8,5,0,0,0,0,0,0,24,14,84,6,0,0,0,0,0,0,0,0,84,0,22.4
408,KhaDarel Hodge,CLE,WR,24,16,1,0,0,0,0,0,0,10,4,76,19,0,0,0,0,0,0,0,0,76,0,11.6
409,Trent Sherfield,ARI,WR,23,16,1,0,0,0,0,0,0,13,4,80,20,0,0,0,0,0,0,0,0,80,0,12
410,Damion Willis,CIN,WR,22,10,2,0,0,0,0,0,0,16,9,82,9.11,0,0,0,0,0,0,0,0,82,0,17.2
411,Luke Willson,SEA,TE,29,8,7,0,0,0,0,0,0,10,8,79,9.88,0,0,0,0,0,0,0,0,79,0,15.9
412,Chad Beebe,MIN,WR,25,3,0,0,0,0,0,0,0,2,2,70,35,3,0,0,0,0,0,0,0,70,0,9
413,Blake Bell,KAN,TE,28,15,7,0,0,0,0,0,0,15,8,67,8.38,0,0,0,0,0,0,0,0,67,0,14.7
414,Devontae Booker,DEN,RB,27,16,0,0,0,0,0,2,9,9,6,57,9.5,0,0,0,0,0,9,0,2,57,0,12.6
415,Tra Carson,2TM,RB,27,3,1,0,0,0,0,18,48,4,4,18,4.5,0,0,0,0,0,48,0,18,18,0,10.6
416,Cethan Carter,CIN,RB,24,15,0,0,0,0,0,0,0,3,2,13,6.5,0,0,0,0,0,0,0,0,13,1,9.3
417,Chris Hogan,CAR,WR,32,7,1,0,0,0,0,0,0,15,8,67,8.38,0,0,0,0,0,0,0,0,67,0,14.7
418,Troymaine Pope,LAC,RB,26,14,0,0,0,0,0,10,20,3,2,14,7,1,1,0,0,0,20,0,10,14,1,9.4
419,Riley Ridley,CHI,WR,23,5,0,0,0,0,0,0,0,7,6,69,11.5,0,0,0,0,0,0,0,0,69,0,12.9
420,Adam Shaheen,CHI,TE,25,8,2,0,0,0,0,0,0,13,9,74,8.22,1,1,0,0,0,0,0,0,74,0,14.4
421,Durham Smythe,MIA,TE,24,16,14,0,0,0,0,0,0,14,7,65,9.29,0,0,0,0,0,0,0,0,65,0,13.5
422,Geoff Swaim,JAX,TE,26,6,2,0,0,0,0,0,0,17,13,65,5,0,0,0,0,0,0,0,0,65,0,19.5
423,Spencer Ware,KAN,RB,28,3,1,0,0,0,0,17,51,7,5,22,4.4,1,0,0,0,0,51,0,17,22,0,12.3
424,Dwayne Washington,NOR,RB,25,16,0,0,0,0,0,8,60,1,1,6,6,0,0,0,0,0,60,0,8,6,0,7.6
425,Matt Barkley,BUF,QB,29,2,0,27,51,359,3,2,-4,0,0,0,0,3,1,359,0,51,-4,0,2,0,0,5.96
426,Tyler Conklin,MIN,TE,24,15,1,0,0,0,0,0,0,10,8,58,7.25,0,0,0,0,0,0,0,0,58,0,13.8
427,Brett Hundley,ARI,QB,26,3,0,5,11,49,0,7,41,0,0,0,0,0,0,49,0,11,41,0,7,0,0,6.06
428,Tevin Jones,PIT,WR,27,5,0,0,0,0,0,0,0,10,4,61,15.25,0,0,0,0,0,0,0,0,61,0,10.1
429,Chris Lacy,DET,WR,23,7,2,0,0,0,0,0,0,10,3,60,20,0,0,0,0,0,0,0,0,60,0,9
430,Zach Line,NOR,RB,29,12,2,0,0,0,0,7,20,10,6,36,6,0,0,0,0,0,20,0,7,36,0,11.6
431,Andre Patton,LAC,WR,25,13,5,0,0,0,0,0,0,17,6,56,9.33,0,0,0,0,0,0,0,0,56,0,11.6
432,Tyrod Taylor,LAC,QB,30,8,0,4,6,33,0,10,7,1,0,0,0,0,0,33,1,6,7,0,10,0,0,6.02
433,Clive Walford,MIA,TE,28,7,3,0,0,0,0,0,4,8,4,57,14.25,0,0,0,0,0,4,0,0,57,0,10.1
434,Khari Blasingame,TEN,RB,23,6,3,0,0,0,0,0,0,5,4,54,13.5,0,0,0,0,0,0,0,0,54,0,9.4
435,Deontay Burnett,PHI,WR,22,1,1,0,0,0,0,0,0,4,2,48,24,0,0,0,0,0,0,0,0,48,0,6.8
436,Mike Davis,2TM,RB,26,12,1,0,0,0,0,13,27,8,7,22,3.14,0,0,0,0,0,27,0,13,22,0,11.9
437,Patrick DiMarco,BUF,RB,30,16,4,0,0,0,0,3,7,7,5,41,8.2,0,0,0,0,0,7,0,3,41,0,9.8
438,Jon Hilliman,NYG,RB,24,3,1,0,0,0,0,30,91,4,3,1,0.33,2,2,0,0,0,91,0,30,1,0,8.2
439,Alexander Hollins,MIN,WR,23,5,1,0,0,0,0,0,0,4,2,46,23,0,0,0,0,0,0,0,0,46,0,6.6
440,Taiwan Jones,HOU,RB,31,11,0,0,0,0,0,9,40,1,1,9,9,0,0,0,0,0,40,0,9,9,0,5.9
441,Lance Kendricks,LAC,TE,31,12,1,0,0,0,0,0,0,7,3,50,16.67,0,0,0,0,0,0,0,0,50,0,8
442,Devine Ozigbo,JAX,RB,23,10,0,0,0,0,0,9,27,5,3,23,7.67,0,0,0,0,0,27,0,9,23,0,8
443,Elijhaa Penny,NYG,RB,26,16,1,0,0,0,0,15,39,4,2,9,4.5,0,0,0,0,0,39,0,15,9,0,6.8
444,Luke Stocker,ATL,TE,31,15,9,0,0,0,0,0,0,14,8,53,6.63,1,0,0,0,0,0,0,0,53,0,13.3
445,Trevon Wesco,NYJ,TE,24,16,1,0,0,0,0,1,2,3,2,47,23.5,0,0,0,0,0,2,0,1,47,0,6.9
446,DeAndrew White,CAR,WR,28,10,0,0,0,0,0,0,0,9,4,51,12.75,0,0,0,0,0,0,0,0,51,0,9.1
447,Cedrick Wilson,DAL,WR,24,6,0,0,0,0,0,0,0,8,5,46,9.2,0,0,0,0,0,0,0,0,46,0,9.6
448,Deon Yelder,KAN,TE,24,9,1,0,0,0,0,0,0,4,3,50,16.67,0,0,0,0,0,0,0,0,50,0,8
449,C.J. Anderson,DET,RB,28,2,0,0,0,0,0,16,43,0,0,0,0,0,0,0,0,0,43,0,16,0,0,4.3
450,Geremy Davis,LAC,WR,27,7,1,0,0,0,0,0,0,3,3,38,12.67,0,0,0,0,0,0,0,0,38,0,6.8
451,Mike Glennon,OAK,QB,30,2,0,6,10,56,0,2,0,0,0,0,0,3,1,56,1,10,0,0,2,0,0,4.24
452,Colt McCoy,WAS,QB,33,1,1,18,27,122,1,2,14,0,0,0,0,2,0,122,0,27,14,0,2,0,0,4.28
453,Steven Mitchell,HOU,WR,25,3,1,0,0,0,0,0,0,6,2,37,18.5,0,0,0,0,0,0,0,0,37,0,5.7
454,Jason Moore,LAC,WR,24,10,0,0,0,0,0,0,0,5,2,43,21.5,0,0,0,0,0,0,0,0,43,0,6.3
455,Paul Perkins,DET,RB,25,4,0,0,0,0,0,12,29,1,1,9,9,0,0,0,0,0,29,0,12,9,0,4.8
456,Jay Ajayi,PHI,RB,26,3,0,0,0,0,0,10,30,1,0,0,0,0,0,0,0,0,30,0,10,0,0,3
457,Travis Benjamin,LAC,WR,30,5,2,0,0,0,0,0,0,16,6,30,5,0,0,0,0,0,0,0,0,30,0,9
458,C.J. Board,JAX,WR,26,4,0,0,0,0,0,0,0,4,2,31,15.5,0,0,0,0,0,0,0,0,31,0,5.1
459,Pharaoh Brown,CLE,TE,25,9,6,0,0,0,0,0,0,3,2,27,13.5,0,0,0,0,0,0,0,0,27,0,4.7
460,Cody Core,NYG,WR,25,16,0,0,0,0,0,0,0,5,3,28,9.33,0,0,0,0,0,0,0,0,28,0,5.8
461,Dalyn Dawkins,TEN,RB,25,2,0,0,0,0,0,11,26,1,0,0,0,0,0,0,0,0,26,0,11,0,0,2.6
462,Devin Funchess,IND,WR,25,1,1,0,0,0,0,0,0,5,3,32,10.67,0,0,0,0,0,0,0,0,32,0,6.2
463,Johnny Holton,PIT,WR,28,16,3,0,0,0,0,1,9,15,3,21,7,0,0,0,0,0,9,0,1,21,0,6
464,Tanner Hudson,TAM,TE,25,9,1,0,0,0,0,0,0,5,2,26,13,0,0,0,0,0,0,0,0,26,0,4.6
465,Ishmael Hyman,TAM,WR,24,2,1,0,0,0,0,0,0,4,2,34,17,0,0,0,0,0,0,0,0,34,0,5.4
466,Jordan Matthews,2TM,WR,27,3,1,0,0,0,0,0,0,12,4,33,8.25,0,0,0,0,0,0,0,0,33,0,7.3
467,Codey McElroy,TAM,WR,27,1,0,0,0,0,0,0,0,1,1,30,30,0,0,0,0,0,0,0,0,30,0,4
468,Johnny Mundt,LAR,TE,25,13,2,0,0,0,0,0,0,7,4,26,6.5,0,0,0,0,0,0,0,0,26,0,6.6
469,Andre Roberts,BUF,WR,31,13,0,0,0,0,0,1,7,7,3,20,6.67,1,0,0,0,0,7,0,1,20,0,5.7
470,Drew Sample,CIN,TE,23,9,2,0,0,0,0,0,0,6,5,30,6,0,0,0,0,0,0,0,0,30,0,8
471,Da'Mari Scott,NYG,WR,24,5,2,0,0,0,0,1,5,3,2,22,11,0,0,0,0,0,5,0,1,22,0,4.7
472,Russell Shepard,NYG,WR,29,3,0,0,0,0,0,0,0,8,3,25,8.33,0,0,0,0,0,0,0,0,25,0,5.5
473,Anthony Sherman,KAN,RB,31,16,0,0,0,0,0,4,9,3,2,22,11,0,0,0,0,0,9,0,4,22,0,5.1
474,Cam Sims,WAS,WR,23,7,1,0,0,0,0,0,0,3,2,27,13.5,0,0,0,0,0,0,0,0,27,0,4.7
475,Ryan Switzer,PIT,WR,25,9,0,0,0,0,0,0,0,11,8,27,3.38,1,0,0,0,0,0,0,0,27,0,10.7
476,Ross Travis,IND,TE,26,3,1,0,0,0,0,0,0,6,4,51,12.75,1,1,0,0,0,0,0,0,51,0,7.1
477,Nick Bawden,DET,RB,23,10,2,0,0,0,0,0,0,6,4,17,4.25,0,0,0,0,0,0,0,0,17,0,5.7
478,Josh Bellamy,NYJ,WR,30,7,0,0,0,0,0,0,0,3,2,20,10,0,0,0,0,0,0,0,0,20,0,4
479,Fred Brown,DEN,WR,26,13,1,0,0,0,0,0,0,3,2,21,10.5,1,0,0,0,0,0,0,0,21,0,4.1
480,Michael Crabtree,ARI,WR,32,2,1,0,0,0,0,0,0,5,4,22,5.5,0,0,0,0,0,0,0,0,22,0,6.2
481,Rashard Davis,TEN,WR,25,1,0,0,0,0,0,0,0,1,1,16,16,0,0,0,0,0,0,0,0,16,0,2.6
482,Robert Davis,2TM,WR,24,6,3,0,0,0,0,0,0,5,2,17,8.5,0,0,0,0,0,0,0,0,17,0,3.7
483,Ashton Dulin,IND,WR,22,13,0,0,0,0,0,0,0,2,2,17,8.5,0,0,0,0,0,0,0,0,17,0,3.7
484,Tyler Ervin,2TM,RB,26,10,0,0,0,0,0,1,10,4,2,11,5.5,2,0,0,0,0,10,0,1,11,0,4.1
485,Darius Jennings,TEN,WR,27,8,0,0,0,0,0,0,0,5,2,17,8.5,0,0,0,0,0,0,0,0,17,0,3.7
486,Marqise Lee,JAX,WR,28,6,1,0,0,0,0,1,1,4,3,18,6,0,0,0,0,0,1,0,1,18,0,4.9
487,T.J. Logan,TAM,RB,25,12,0,0,0,0,0,3,10,3,2,13,6.5,0,0,0,0,0,10,0,3,13,0,4.3
488,Donte Moncrief,2TM,WR,26,8,2,0,0,0,0,0,0,15,4,18,4.5,0,0,0,0,0,0,0,0,18,0,5.8
489,Chris Moore,BAL,WR,26,14,1,0,0,0,0,1,0,5,3,21,7,0,0,0,0,0,0,0,1,21,0,5.1
490,Stanley Morgan,CIN,WR,23,11,0,0,0,0,0,0,0,10,3,18,6,0,0,0,0,0,0,0,0,18,0,4.8
491,Josh Oliver,JAX,TE,22,4,1,0,0,0,0,0,0,6,3,15,5,0,0,0,0,0,0,0,0,15,0,4.5
492,Samaje Perine,2TM,RB,24,7,0,0,0,0,0,5,16,0,0,0,0,0,0,0,0,0,16,0,5,0,0,1.6
493,Eric Saubert,CHI,TE,25,2,0,0,0,0,0,0,0,3,2,21,10.5,0,0,0,0,0,0,0,0,21,0,4.1
494,Keith Smith,ATL,RB,27,16,5,0,0,0,0,5,8,3,1,13,13,0,0,0,0,0,8,0,5,13,0,3.1
495,Diontae Spencer,DEN,WR,27,16,2,0,0,0,0,3,6,8,6,31,5.17,3,1,0,0,0,6,0,3,31,0,7.7
496,Bobo Wilson,TAM,WR,24,6,1,0,0,0,0,0,0,11,3,35,11.67,3,1,0,0,0,0,0,0,35,0,4.5
497,Zach Zenner,3TM,RB,28,5,0,0,0,0,0,3,-2,3,2,19,9.5,0,0,0,0,0,-2,0,3,19,0,3.7
498,Josh Adams,NYJ,RB,23,3,0,0,0,0,0,8,12,0,0,0,0,0,0,0,0,0,12,0,8,0,0,1.2
499,Antony Auclair,TAM,TE,26,8,5,0,0,0,0,0,0,3,1,11,11,0,0,0,0,0,0,0,0,11,0,2.1
500,Tony Brooks-James,PIT,RB,25,3,0,0,0,0,0,8,7,0,0,0,0,0,0,0,0,0,7,0,8,0,0,0.7
501,Austin Carr,NOR,WR,26,6,3,0,0,0,0,0,0,4,1,9,9,0,0,0,0,0,0,0,0,9,0,1.9
502,Sean Culkin,LAC,TE,26,4,2,0,0,0,0,0,0,2,1,12,12,0,0,0,0,0,0,0,0,12,0,2.2
503,Josh Ferguson,WAS,RB,26,2,0,0,0,0,0,3,9,0,0,0,0,0,0,0,0,0,9,0,3,0,0,0.9
504,John Franklin,TAM,WR,25,1,0,0,0,0,0,1,11,0,0,0,0,0,0,0,0,0,11,0,1,0,0,1.1
505,Ryan Grant,OAK,WR,29,2,1,0,0,0,0,0,0,9,4,14,3.5,0,0,0,0,0,0,0,0,14,0,5.4
506,Will Grier,CAR,QB,24,2,2,28,52,228,4,7,22,0,0,0,0,1,1,228,0,52,22,0,7,0,0,1.32
507,Ryan Griffin,TAM,QB,30,2,0,2,4,18,0,4,-1,0,0,0,0,0,0,18,0,4,-1,0,4,0,0,0.62
508,Damien Harris,NWE,RB,22,2,0,0,0,0,0,4,12,0,0,0,0,0,0,0,0,0,12,0,4,0,0,1.2
509,Dwayne Harris,OAK,WR,32,3,0,0,0,0,0,0,0,1,1,7,7,0,0,0,0,0,0,0,0,7,0,1.7
510,Chris Herndon,NYJ,TE,23,1,0,0,0,0,0,0,0,2,1,7,7,0,0,0,0,0,0,0,0,7,0,1.7
511,Cody Hollister,TEN,WR,26,5,0,0,0,0,0,0,0,2,2,13,6.5,0,0,0,0,0,0,0,0,13,0,3.3
512,Buddy Howell,HOU,RB,23,16,0,0,0,0,0,5,10,0,0,0,0,0,0,0,0,0,10,0,5,0,0,1
513,Jakob Johnson,NWE,RB,25,4,3,0,0,0,0,0,0,2,1,5,5,0,0,0,0,0,0,0,0,5,0,1.5
514,Charles Jones,JAX,TE,23,4,0,0,0,0,0,0,0,1,1,5,5,0,0,0,0,0,0,0,0,5,0,1.5
515,John Kelly,LAR,RB,23,4,0,0,0,0,0,3,9,0,0,0,0,0,0,0,0,0,9,0,3,0,0,0.9
516,Ben Koyack,JAX,TE,26,11,6,0,0,0,0,0,0,3,1,9,9,0,0,0,0,0,0,0,0,9,0,1.9
517,Chris Manhertz,CAR,TE,27,15,6,0,0,0,0,0,0,1,1,11,11,0,0,0,0,0,0,0,0,11,0,2.1
518,Josh McCown,PHI,QB,40,3,0,3,5,24,0,2,-2,0,0,0,0,0,0,24,0,5,-2,0,2,0,0,0.76
519,Ryan Nall,CHI,RB,24,8,0,0,0,0,0,2,8,0,0,0,0,0,0,0,0,0,8,0,2,0,0,0.8
520,Isaac Nauta,DET,TE,22,6,0,0,0,0,0,0,0,3,2,13,6.5,0,0,0,0,0,0,0,0,13,0,3.3
521,Gunner Olszewski,NWE,WR,23,8,0,0,0,0,0,0,0,4,2,34,17,1,1,0,0,0,0,0,0,34,0,3.4
522,Ricky Ortiz,NOR,RB,25,1,0,0,0,0,0,0,0,1,1,8,8,0,0,0,0,0,0,0,0,8,0,1.8
523,Jordan Scarlett,CAR,RB,23,9,0,0,0,0,0,4,9,0,0,0,0,0,0,0,0,0,9,0,4,0,0,0.9
524,Dalton Schultz,DAL,TE,23,16,0,0,0,0,0,0,0,2,1,6,6,0,0,0,0,0,0,0,0,6,0,1.6
525,Jaleel Scott,BAL,WR,24,3,0,0,0,0,0,0,0,3,1,6,6,0,0,0,0,0,0,0,0,6,0,1.6
526,Scott Simonson,NYG,TE,27,5,1,0,0,0,0,0,0,2,2,11,5.5,0,0,0,0,0,0,0,0,11,0,3.1
527,Jeff Smith,NYJ,WR,22,1,0,0,0,0,0,0,0,2,1,12,12,0,0,0,0,0,0,0,0,12,0,2.2
528,Tyrone Swoopes,SEA,TE,25,5,2,0,0,0,0,0,0,1,1,5,5,0,0,0,0,0,0,0,0,5,0,1.5
529,De'Anthony Thomas,2TM,WR,26,14,0,0,0,0,0,2,5,2,1,6,6,3,0,0,0,0,5,0,2,6,0,2.1
530,Jordan Thomas,HOU,TE,23,5,2,0,0,0,0,0,0,3,1,8,8,0,0,0,0,0,0,0,0,8,0,1.8
531,Mike Thomas,LAR,WR,25,16,0,0,0,0,0,0,0,5,2,14,7,0,0,0,0,0,0,0,0,14,0,3.4
532,Levine Toilolo,SFO,TE,28,13,0,0,0,0,0,0,0,2,2,10,5,0,0,0,0,0,0,0,0,10,0,3
533,De'Lance Turner,MIA,RB,24,8,0,0,0,0,0,4,6,0,0,0,0,0,0,0,0,0,6,0,4,0,0,0.6
534,John Ursua,SEA,WR,25,3,0,0,0,0,0,0,0,1,1,11,11,0,0,0,0,0,0,0,0,11,0,2.1
535,Dexter Williams,GNB,RB,22,4,0,0,0,0,0,5,11,0,0,0,0,0,0,0,0,0,11,0,5,0,0,1.1
536,Jerell Adams,HOU,0,27,1,0,0,0,0,0,0,0,0,0,0,0,0,0,0,0,0,0,0,0,0,0,0
537,Stephen Anderson,LAC,0,26,1,0,0,0,0,0,0,0,0,0,0,0,0,0,0,0,0,0,0,0,0,0,0
538,Evan Baylis,GNB,0,26,5,0,0,0,0,0,0,0,0,0,0,0,0,0,0,0,0,0,0,0,0,0,0
539,Kendall Blanton,LAR,0,24,1,0,0,0,0,0,0,0,0,0,0,0,0,0,0,0,0,0,0,0,0,0,0
540,Tim Boyle,GNB,QB,25,3,0,3,4,15,0,5,-7,0,0,0,0,0,0,15,0,4,-7,0,5,0,0,-0.1
541,Deante Burton,DAL,0,25,3,0,0,0,0,0,0,0,0,0,0,0,0,0,0,0,0,0,0,0,0,0,0
542,Trenton Cannon,NYJ,0,25,4,0,0,0,0,0,0,0,0,0,0,0,0,0,0,0,0,0,0,0,0,0,0
543,Garrett Celek,SFO,0,31,5,1,0,0,0,0,0,0,0,0,0,0,0,0,0,0,0,0,0,0,0,0,0
544,Jordan Chunn,DAL,0,24,1,0,0,0,0,0,0,0,0,0,0,0,0,0,0,0,0,0,0,0,0,0,0
545,Chandler Cox,MIA,0,23,13,3,0,0,0,0,0,0,0,0,0,0,0,0,0,0,0,0,0,0,0,0,0
546,River Cracraft,DEN,0,25,1,0,0,0,0,0,0,0,0,0,0,0,0,0,0,0,0,0,0,0,0,0,0
547,Jerome Cunningham,WAS,0,28,2,1,0,0,0,0,0,0,0,0,0,0,0,0,0,0,0,0,0,0,0,0,0
548,Darrell Daniels,ARI,TE,25,11,0,0,0,0,0,0,0,3,1,4,4,0,0,0,0,0,0,0,0,4,0,1.4
549,Davion Davis,MIN,0,23,2,0,0,0,0,0,0,0,0,0,0,0,0,0,0,0,0,0,0,0,0,0,0
550,James Develin,NWE,RB,31,2,2,0,0,0,0,2,3,0,0,0,0,0,0,0,0,0,3,0,2,0,0,0.3
551,Garrett Dickerson,NYG,0,24,4,0,0,0,0,0,0,0,0,0,0,0,0,0,0,0,0,0,0,0,0,0,0
552,Gehrig Dieter,KAN,0,26,2,0,0,0,0,0,0,0,0,0,0,0,0,0,0,0,0,0,0,0,0,0,0
553,Brandon Dillon,MIN,0,22,1,0,0,0,0,0,0,0,0,0,0,0,0,0,0,0,0,0,0,0,0,0,0
554,Josh Doctson,MIN,0,27,1,0,0,0,0,0,0,0,0,0,0,0,0,0,0,0,0,0,0,0,0,0,0
555,Quinton Dunbar,WAS,0,27,11,11,0,0,0,0,0,0,0,0,0,0,0,0,0,0,0,0,0,0,0,0,0
556,Alex Ellis,PHI,0,26,3,0,0,0,0,0,0,0,0,0,0,0,0,0,0,0,0,0,0,0,0,0,0
557,David Fales,NYJ,0,29,2,0,0,0,0,0,0,0,0,0,0,0,0,0,0,0,0,0,0,0,0,0,0
558,David Fluellen,TEN,0,27,2,0,0,0,0,0,0,0,0,0,0,0,0,0,0,0,0,0,0,0,0,0,0
559,D.J. Foster,ARI,0,26,6,0,0,0,0,0,0,0,0,0,0,0,0,0,0,0,0,0,0,0,0,0,0
560,Travis Fulgham,DET,0,24,3,0,0,0,0,0,0,0,3,0,0,0,0,0,0,0,0,0,0,0,0,0,0
561,Zach Gentry,PIT,TE,23,4,0,0,0,0,0,0,0,1,1,4,4,0,0,0,0,0,0,0,0,4,0,1.4
562,Garrett Gilbert,CLE,QB,28,5,0,0,3,0,0,3,-3,0,0,0,0,0,0,0,0,3,-3,0,3,0,0,-0.3
563,Cullen Gillaspia,HOU,0,24,16,0,0,0,0,0,0,0,0,0,0,0,0,0,0,0,0,0,0,0,0,0,0
564,C.J. Goodwin,DAL,0,29,16,0,0,0,0,0,0,0,0,0,0,0,0,0,0,0,0,0,0,0,0,0,0
565,Cyril Grayson,TAM,WR,26,2,0,0,0,0,0,0,0,1,1,3,3,0,0,0,0,0,0,0,0,3,0,1.3
566,Xavier Grimble,PIT,TE,27,3,1,0,0,0,0,0,0,3,1,3,3,0,0,0,0,0,0,0,0,3,0,1.3
567,Jalen Guyton,LAC,0,22,3,0,0,0,0,0,0,0,2,0,0,0,0,0,0,0,0,0,0,0,0,0,0
568,Justin Hardee,NOR,0,25,16,0,0,0,0,0,0,0,1,0,0,0,0,0,0,0,0,0,0,0,0,0,0
569,Clark Harris,CIN,0,35,16,0,0,0,0,0,0,0,0,0,0,0,0,0,0,0,0,0,0,0,0,0,0
570,Krishawn Hogan,NOR,WR,24,8,0,0,0,0,0,0,0,1,1,4,4,0,0,0,0,0,0,0,0,4,0,1.4
571,Lil'Jordan Humphrey,NOR,0,21,5,1,0,0,0,0,0,0,1,0,0,0,0,0,0,0,0,0,0,0,0,0,0
572,Trenton Irwin,CIN,0,24,1,0,0,0,0,0,0,0,0,0,0,0,0,0,0,0,0,0,0,0,0,0,0
573,Gary Jennings,MIA,0,22,1,0,0,0,0,0,0,0,0,0,0,0,0,0,0,0,0,0,0,0,0,0,0
574,Tom Kennedy,DET,0,23,1,0,0,0,0,0,0,0,0,0,0,0,0,0,0,0,0,0,0,0,0,0,0
575,Darvin Kidsy,WAS,0,24,3,0,0,0,0,0,0,0,0,0,0,0,0,0,0,0,0,0,0,0,0,0,0
576,Keith Kirkwood,NOR,0,26,1,0,0,0,0,0,0,0,0,0,0,0,0,0,0,0,0,0,0,0,0,0,0
577,Matt Lengel,IND,0,29,1,1,0,0,0,0,0,0,0,0,0,0,0,0,0,0,0,0,0,0,0,0,0
578,Josh Malone,NYJ,0,23,2,0,0,0,0,0,0,0,0,0,0,0,0,0,0,0,0,0,0,0,0,0,0
579,Jeremy McNichols,JAX,0,24,1,0,0,0,0,0,0,0,0,0,0,0,0,0,0,0,0,0,0,0,0,0,0
580,Trace McSorley,BAL,QB,24,1,0,0,0,0,0,1,1,0,0,0,0,0,0,0,0,0,1,0,1,0,0,0.1
581,Carson Meier,ATL,0,24,1,1,0,0,0,0,0,0,0,0,0,0,0,0,0,0,0,0,0,0,0,0,0
582,Jaydon Mickens,TAM,0,25,1,0,0,0,0,0,0,0,0,0,0,0,0,0,0,0,0,0,0,0,0,0,0
583,Alfred Morris,ARI,RB,31,1,0,0,0,0,0,1,4,0,0,0,0,0,0,0,0,0,4,0,1,0,0,0.4
584,Nick Mullens,SFO,QB,24,1,0,0,0,0,0,3,-3,0,0,0,0,0,0,0,0,0,-3,0,3,0,0,-0.3
585,Jojo Natson,LAR,0,25,12,0,0,0,0,0,0,0,0,0,0,0,0,0,0,0,0,0,0,0,0,0,0
586,Roosevelt Nix,PIT,RB,27,3,0,0,0,0,0,0,0,3,2,4,2,0,0,0,0,0,0,0,0,4,0,2.4
587,Jamize Olawale,DAL,0,30,16,5,0,0,0,0,0,0,2,0,0,0,0,0,0,0,0,0,0,0,0,0,0
588,Matthew Orzech,JAX,0,24,16,0,0,0,0,0,0,0,0,0,0,0,0,0,0,0,0,0,0,0,0,0,0
589,Senorise Perry,BUF,RB,28,11,0,0,0,0,0,3,3,1,1,1,1,0,0,0,0,0,3,0,3,1,0,1.4
590,Craig Reynolds,WAS,0,23,3,0,0,0,0,0,0,0,0,0,0,0,0,0,0,0,0,0,0,0,0,0,0
591,Richard Rodgers,PHI,0,27,1,0,0,0,0,0,0,0,0,0,0,0,0,0,0,0,0,0,0,0,0,0,0
592,Cooper Rush,DAL,0,26,2,0,0,0,0,0,0,0,0,0,0,0,0,0,0,0,0,0,0,0,0,0,0
593,Spencer Schnell,TAM,0,25,1,0,0,0,0,0,0,0,0,0,0,0,0,0,0,0,0,0,0,0,0,0,0
594,Mason Schreck,CIN,0,26,2,0,0,0,0,0,0,0,0,0,0,0,0,0,0,0,0,0,0,0,0,0,0
595,Trevor Siemian,NYJ,QB,28,1,1,3,6,3,0,0,0,0,0,0,0,0,0,3,0,6,0,0,0,0,0,0.12
596,Matthew Slater,NWE,0,34,16,0,0,0,0,0,0,0,0,0,0,0,0,0,0,0,0,0,0,0,0,0,0
597,Rod Smith,2TM,0,27,6,0,0,0,0,0,0,0,0,0,0,0,0,0,0,0,0,0,0,0,0,0,0
598,Nate Solder,NYG,0,31,16,16,0,0,0,0,0,0,0,0,0,0,0,0,0,0,0,0,0,0,0,0,0
599,Jace Sternberger,GNB,0,23,6,1,0,0,0,0,0,0,1,0,0,0,0,0,0,0,0,0,0,0,0,0,0
600,Alex Tanney,NYG,QB,32,1,0,1,1,1,0,0,0,0,0,0,0,0,0,1,0,1,0,0,0,0,0,0.04
601,Taywan Taylor,CLE,0,24,3,1,0,0,0,0,0,0,1,0,0,0,0,0,0,0,0,0,0,0,0,0,0
602,Eric Tomlinson,3TM,TE,27,8,3,0,0,0,0,0,0,1,1,1,1,0,0,0,0,0,0,0,0,1,0,1.1
603,Robert Turbin,SEA,0,30,1,0,0,0,0,0,0,0,0,0,0,0,0,0,0,0,0,0,0,0,0,0,0
604,Jason Vander Laan,NOR,0,27,2,1,0,0,0,0,0,0,0,0,0,0,0,0,0,0,0,0,0,0,0,0,0
605,Austin Walter,NYG,0,23,1,0,0,0,0,0,0,0,0,0,0,0,0,0,0,0,0,0,0,0,0,0,0
606,Jester Weah,WAS,0,24,1,0,0,0,0,0,0,0,0,0,0,0,0,0,0,0,0,0,0,0,0,0,0
607,Nsimba Webster,LAR,0,23,5,0,0,0,0,0,0,0,0,0,0,0,1,0,0,0,0,0,0,0,0,0,0
608,Chad Williams,IND,0,25,1,0,0,0,0,0,0,0,1,0,0,0,0,0,0,0,0,0,0,0,0,0,0
609,Trayveon Williams,CIN,0,22,11,0,0,0,0,0,0,0,0,0,0,0,0,0,0,0,0,0,0,0,0,0,0
610,Juwann Winfree,DEN,0,23,3,0,0,0,0,0,0,0,0,0,0,0,0,0,0,0,0,0,0,0,0,0,0
611,Blake Bortles,LAR,QB,27,3,0,1,2,3,0,2,-9,0,0,0,0,0,0,3,0,2,-9,0,2,0,0,-0.78
612,Sean Mannion,MIN,QB,27,3,1,12,21,126,2,6,-5,0,0,0,0,1,1,126,0,21,-5,0,6,0,0,-1.46
613,Greg Dortch,CAR,0,21,2,0,0,0,0,0,0,0,0,0,0,0,1,1,0,0,0,0,0,0,0,0,-2
614,Quincy Enunwa,NYJ,WR,27,1,1,0,0,0,0,0,0,3,1,-4,-4,1,1,0,0,0,0,0,0,-4,0,-1.4
615,Ray-Ray McCloud,CAR,0,23,6,0,0,0,0,0,0,0,0,0,0,0,3,1,0,0,0,0,0,0,0,0,-2
616,Darrius Shepherd,GNB,WR,24,6,0,0,0,0,0,0,0,2,1,1,1,1,1,0,0,0,0,0,0,1,0,-0.9
617,Jarrett Stidham,NWE,QB,23,3,0,2,4,14,1,2,-2,0,0,0,0,0,0,14,0,4,-2,0,2,0,0,-1.64
618,Michael Walker,JAX,WR,23,7,0,0,0,0,0,0,0,3,2,15,7.5,2,2,0,0,0,0,0,0,15,0,-0.5
619,Corey Clement,PHI,0,25,4,0,0,0,0,0,0,0,0,0,0,0,2,2,0,0,0,0,0,0,0,0,-4
